2097.0,09.0,07.0,03.0,44.0,56.0,051.0,1,2,3,4,5,6,7
07.0,28.0,2014.0,22.0,28.0,23.0,585.0,3,1,2,4,5,6,7
27.0,02.0,22.0,40.0,37.0,026.0,0,2,1,4,5,6,7
10.0,08.0,1930.0,16.0,11.0,41.0,646.0,3,2,1,4,5,6,7
2073.0,03.0,04.0,10.0,48.0,07.0,808.0,1,2,3,4,5,6,7
01.0,24.0,1915.0,19.0,22.0,40.0,135.0,3,1,2,4,5,6,7
30.0,03.0,20.0,18.0,33.0,761.0,0,2,1,4,5,6,7
17.0,05.0,1959.0,14.0,50.0,54.0,353.0,3,2,1,4,5,6,7
2075.0,02.0,03.0,15.0,48.0,13.0,644.0,1,2,3,4,5,6,7
01.0,22.0,1970.0,05.0,08.0,13.0,405.0,3,1,2,4,5,6,7
24.0,10.0,08.0,12.0,00.0,253.0,0,2,1,4,5,6,7
25.0,04.0,2035.0,01.0,35.0,07.0,782.0,3,2,1,4,5,6,7
2068.0,01.0,03.0,18.0,46.0,01.0,160.0,1,2,3,4,5,6,7
08.0,09.0,1937.0,17.0,09.0,00.0,763.0,3,1,2,4,5,6,7
03.0,03.0,20.0,17.0,08.0,683.0,0,2,1,4,5,6,7
29.0,06.0,2027.0,03.0,00.0,07.0,472.0,3,2,1,4,5,6,7
2089.0,03.0,26.0,10.0,07.0,02.0,483.0,1,2,3,4,5,6,7
11.0,20.0,2004.0,12.0,22.0,37.0,763.0,3,1,2,4,5,6,7
07.0,07.0,19.0,19.0,24.0,432.0,0,2,1,4,5,6,7
13.0,08.0,1998.0,03.0,00.0,48.0,737.0,3,2,1,4,5,6,7
1979.0,06.0,24.0,16.0,22.0,26.0,790.0,1,2,3,4,5,6,7
03.0,23.0,2030.0,09.0,09.0,54.0,690.0,3,1,2,4,5,6,7
05.0,01.0,17.0,06.0,34.0,755.0,0,2,1,4,5,6,7
23.0,07.0,2065.0,21.0,15.0,47.0,342.0,3,2,1,4,5,6,7
09.0,30.0,2049.0,19.0,01.0,43.0,825.0,3,1,2,4,5,6,7
26.0,11.0,15.0,01.0,30.0,207.0,0,2,1,4,5,6,7
17.0,04.0,2056.0,04.0,48.0,23.0,981.0,3,2,1,4,5,6,7
1959.0,04.0,13.0,20.0,49.0,53.0,134.0,1,2,3,4,5,6,7
07.0,04.0,1989.0,05.0,44.0,07.0,982.0,3,1,2,4,5,6,7
17.0,02.0,22.0,11.0,41.0,867.0,0,2,1,4,5,6,7
16.0,10.0,2026.0,17.0,41.0,51.0,057.0,3,2,1,4,5,6,7
2010.0,02.0,19.0,06.0,13.0,32.0,066.0,1,2,3,4,5,6,7
07.0,06.0,1962.0,13.0,09.0,49.0,729.0,3,1,2,4,5,6,7
27.0,11.0,12.0,03.0,19.0,372.0,0,2,1,4,5,6,7
23.0,08.0,1999.0,17.0,18.0,41.0,257.0,3,2,1,4,5,6,7
2093.0,01.0,08.0,12.0,03.0,46.0,460.0,1,2,3,4,5,6,7
07.0,07.0,1908.0,12.0,21.0,28.0,161.0,3,1,2,4,5,6,7
25.0,02.0,12.0,44.0,36.0,445.0,0,2,1,4,5,6,7
10.0,03.0,2087.0,03.0,46.0,28.0,528.0,3,2,1,4,5,6,7
2007.0,06.0,12.0,15.0,23.0,02.0,720.0,1,2,3,4,5,6,7
08.0,02.0,1985.0,02.0,53.0,22.0,040.0,3,1,2,4,5,6,7
28.0,08.0,14.0,19.0,39.0,167.0,0,2,1,4,5,6,7
22.0,01.0,1982.0,20.0,26.0,34.0,126.0,3,2,1,4,5,6,7
1959.0,11.0,04.0,12.0,34.0,01.0,411.0,1,2,3,4,5,6,7
04.0,08.0,2039.0,16.0,31.0,21.0,616.0,3,1,2,4,5,6,7
14.0,02.0,10.0,54.0,26.0,458.0,0,2,1,4,5,6,7
20.0,04.0,1981.0,21.0,58.0,22.0,569.0,3,2,1,4,5,6,7
1904.0,02.0,14.0,17.0,04.0,24.0,972.0,1,2,3,4,5,6,7
05.0,22.0,2083.0,11.0,52.0,03.0,473.0,3,1,2,4,5,6,7
30.0,01.0,12.0,18.0,00.0,344.0,0,2,1,4,5,6,7
16.0,03.0,2099.0,22.0,52.0,04.0,477.0,3,2,1,4,5,6,7
1991.0,03.0,10.0,14.0,27.0,43.0,283.0,1,2,3,4,5,6,7
02.0,24.0,2026.0,18.0,44.0,43.0,283.0,3,1,2,4,5,6,7
16.0,09.0,15.0,17.0,20.0,408.0,0,2,1,4,5,6,7
17.0,08.0,1956.0,19.0,36.0,35.0,477.0,3,2,1,4,5,6,7
1990.0,06.0,01.0,18.0,50.0,39.0,136.0,1,2,3,4,5,6,7
06.0,17.0,2021.0,13.0,43.0,06.0,458.0,3,1,2,4,5,6,7
22.0,06.0,05.0,25.0,46.0,462.0,0,2,1,4,5,6,7
26.0,10.0,1902.0,13.0,08.0,38.0,605.0,3,2,1,4,5,6,7
1913.0,11.0,21.0,17.0,48.0,57.0,074.0,1,2,3,4,5,6,7
08.0,30.0,1906.0,04.0,28.0,04.0,294.0,3,1,2,4,5,6,7
24.0,05.0,07.0,02.0,41.0,869.0,0,2,1,4,5,6,7
03.0,11.0,2086.0,08.0,41.0,02.0,840.0,3,2,1,4,5,6,7
1964.0,11.0,06.0,17.0,51.0,26.0,709.0,1,2,3,4,5,6,7
07.0,30.0,2083.0,11.0,08.0,22.0,353.0,3,1,2,4,5,6,7
30.0,05.0,05.0,24.0,10.0,150.0,0,2,1,4,5,6,7
16.0,04.0,1965.0,15.0,33.0,30.0,762.0,3,2,1,4,5,6,7
1948.0,03.0,20.0,20.0,26.0,23.0,588.0,1,2,3,4,5,6,7
08.0,16.0,2071.0,20.0,04.0,48.0,522.0,3,1,2,4,5,6,7
10.0,07.0,15.0,37.0,29.0,461.0,0,2,1,4,5,6,7
22.0,08.0,1943.0,21.0,48.0,13.0,594.0,3,2,1,4,5,6,7
2054.0,04.0,28.0,04.0,44.0,58.0,944.0,1,2,3,4,5,6,7
09.0,11.0,1962.0,09.0,03.0,29.0,374.0,3,1,2,4,5,6,7
16.0,09.0,15.0,22.0,38.0,300.0,0,2,1,4,5,6,7
26.0,08.0,1960.0,11.0,43.0,09.0,275.0,3,2,1,4,5,6,7
1981.0,05.0,15.0,12.0,45.0,29.0,125.0,1,2,3,4,5,6,7
07.0,16.0,2097.0,17.0,17.0,02.0,231.0,3,1,2,4,5,6,7
24.0,06.0,06.0,58.0,35.0,317.0,0,2,1,4,5,6,7
25.0,09.0,2036.0,04.0,35.0,35.0,571.0,3,2,1,4,5,6,7
2026.0,01.0,02.0,04.0,23.0,08.0,363.0,1,2,3,4,5,6,7
03.0,12.0,2038.0,04.0,04.0,29.0,571.0,3,1,2,4,5,6,7
13.0,10.0,15.0,36.0,46.0,413.0,0,2,1,4,5,6,7
06.0,03.0,2042.0,16.0,40.0,38.0,654.0,3,2,1,4,5,6,7
2086.0,07.0,06.0,00.0,55.0,49.0,553.0,1,2,3,4,5,6,7
07.0,20.0,1928.0,21.0,39.0,16.0,260.0,3,1,2,4,5,6,7
26.0,03.0,02.0,24.0,27.0,429.0,0,2,1,4,5,6,7
10.0,06.0,1935.0,05.0,21.0,40.0,049.0,3,2,1,4,5,6,7
1998.0,01.0,23.0,03.0,10.0,08.0,137.0,1,2,3,4,5,6,7
01.0,01.0,2082.0,07.0,14.0,37.0,394.0,3,1,2,4,5,6,7
19.0,08.0,19.0,42.0,17.0,576.0,0,2,1,4,5,6,7
07.0,01.0,1929.0,22.0,45.0,22.0,274.0,3,2,1,4,5,6,7
2084.0,04.0,06.0,21.0,54.0,16.0,782.0,1,2,3,4,5,6,7
04.0,30.0,2022.0,08.0,47.0,03.0,433.0,3,1,2,4,5,6,7
10.0,11.0,09.0,41.0,14.0,436.0,0,2,1,4,5,6,7
30.0,01.0,1978.0,02.0,51.0,24.0,059.0,3,2,1,4,5,6,7
2070.0,07.0,09.0,05.0,54.0,03.0,484.0,1,2,3,4,5,6,7
09.0,20.0,2083.0,10.0,44.0,05.0,685.0,3,1,2,4,5,6,7
13.0,04.0,16.0,29.0,20.0,787.0,0,2,1,4,5,6,7
24.0,04.0,1952.0,14.0,03.0,14.0,546.0,3,2,1,4,5,6,7
2054.0,05.0,15.0,13.0,51.0,16.0,941.0,1,2,3,4,5,6,7
07.0,08.0,2050.0,11.0,39.0,29.0,146.0,3,1,2,4,5,6,7
30.0,10.0,11.0,21.0,25.0,731.0,0,2,1,4,5,6,7
24.0,11.0,1981.0,13.0,28.0,15.0,438.0,3,2,1,4,5,6,7
2000.0,01.0,06.0,18.0,36.0,15.0,500.0,1,2,3,4,5,6,7
09.0,22.0,1952.0,00.0,13.0,06.0,153.0,3,1,2,4,5,6,7
02.0,07.0,06.0,40.0,10.0,608.0,0,2,1,4,5,6,7
27.0,03.0,1971.0,01.0,53.0,30.0,683.0,3,2,1,4,5,6,7
1948.0,06.0,24.0,08.0,02.0,41.0,780.0,1,2,3,4,5,6,7
04.0,21.0,2050.0,11.0,08.0,37.0,310.0,3,1,2,4,5,6,7
17.0,09.0,04.0,45.0,40.0,959.0,0,2,1,4,5,6,7
28.0,02.0,1965.0,10.0,41.0,52.0,905.0,3,2,1,4,5,6,7
2027.0,02.0,01.0,01.0,41.0,28.0,085.0,1,2,3,4,5,6,7
11.0,16.0,2089.0,02.0,32.0,28.0,652.0,3,1,2,4,5,6,7
20.0,11.0,02.0,19.0,09.0,356.0,0,2,1,4,5,6,7
12.0,08.0,1933.0,14.0,46.0,45.0,452.0,3,2,1,4,5,6,7
1948.0,05.0,01.0,22.0,18.0,38.0,090.0,1,2,3,4,5,6,7
11.0,25.0,1927.0,04.0,24.0,50.0,101.0,3,1,2,4,5,6,7
21.0,01.0,19.0,35.0,13.0,279.0,0,2,1,4,5,6,7
22.0,01.0,1985.0,20.0,24.0,37.0,648.0,3,2,1,4,5,6,7
1970.0,04.0,04.0,14.0,39.0,55.0,863.0,1,2,3,4,5,6,7
06.0,02.0,2079.0,19.0,33.0,36.0,820.0,3,1,2,4,5,6,7
03.0,09.0,12.0,39.0,26.0,324.0,0,2,1,4,5,6,7
24.0,11.0,2069.0,13.0,32.0,42.0,536.0,3,2,1,4,5,6,7
2017.0,09.0,11.0,13.0,42.0,19.0,177.0,1,2,3,4,5,6,7
10.0,13.0,1908.0,15.0,17.0,25.0,204.0,3,1,2,4,5,6,7
12.0,11.0,05.0,03.0,02.0,963.0,0,2,1,4,5,6,7
19.0,06.0,2015.0,05.0,05.0,51.0,180.0,3,2,1,4,5,6,7
2005.0,02.0,07.0,04.0,58.0,54.0,277.0,1,2,3,4,5,6,7
04.0,06.0,1994.0,17.0,57.0,22.0,912.0,3,1,2,4,5,6,7
17.0,11.0,05.0,37.0,48.0,729.0,0,2,1,4,5,6,7
28.0,03.0,1997.0,09.0,49.0,51.0,382.0,3,2,1,4,5,6,7
1959.0,04.0,01.0,22.0,42.0,58.0,662.0,1,2,3,4,5,6,7
05.0,26.0,1940.0,03.0,11.0,43.0,489.0,3,1,2,4,5,6,7
06.0,08.0,10.0,29.0,46.0,199.0,0,2,1,4,5,6,7
28.0,05.0,2049.0,06.0,35.0,15.0,466.0,3,2,1,4,5,6,7
1963.0,09.0,29.0,14.0,43.0,42.0,240.0,1,2,3,4,5,6,7
02.0,07.0,2065.0,08.0,13.0,45.0,876.0,3,1,2,4,5,6,7
02.0,10.0,02.0,13.0,44.0,387.0,0,2,1,4,5,6,7
08.0,10.0,2042.0,01.0,13.0,10.0,676.0,3,2,1,4,5,6,7
1969.0,06.0,10.0,18.0,13.0,23.0,166.0,1,2,3,4,5,6,7
08.0,09.0,1924.0,22.0,26.0,04.0,323.0,3,1,2,4,5,6,7
17.0,01.0,03.0,49.0,11.0,185.0,0,2,1,4,5,6,7
10.0,04.0,2071.0,06.0,42.0,14.0,580.0,3,2,1,4,5,6,7
2020.0,10.0,09.0,10.0,28.0,38.0,035.0,1,2,3,4,5,6,7
09.0,29.0,1912.0,12.0,24.0,49.0,002.0,3,1,2,4,5,6,7
29.0,10.0,02.0,42.0,21.0,319.0,0,2,1,4,5,6,7
04.0,08.0,1922.0,05.0,21.0,18.0,807.0,3,2,1,4,5,6,7
2065.0,05.0,14.0,09.0,25.0,17.0,637.0,1,2,3,4,5,6,7
02.0,23.0,1909.0,20.0,17.0,02.0,941.0,3,1,2,4,5,6,7
29.0,07.0,18.0,23.0,19.0,865.0,0,2,1,4,5,6,7
20.0,09.0,1976.0,02.0,07.0,23.0,391.0,3,2,1,4,5,6,7
1956.0,09.0,26.0,09.0,14.0,55.0,345.0,1,2,3,4,5,6,7
06.0,02.0,1982.0,01.0,21.0,26.0,695.0,3,1,2,4,5,6,7
03.0,08.0,15.0,07.0,03.0,763.0,0,2,1,4,5,6,7
26.0,11.0,2035.0,00.0,07.0,02.0,962.0,3,2,1,4,5,6,7
1903.0,02.0,06.0,17.0,57.0,57.0,383.0,1,2,3,4,5,6,7
05.0,22.0,2003.0,07.0,37.0,36.0,587.0,3,1,2,4,5,6,7
11.0,07.0,21.0,18.0,47.0,903.0,0,2,1,4,5,6,7
20.0,05.0,1968.0,00.0,56.0,27.0,038.0,3,2,1,4,5,6,7
1935.0,10.0,06.0,17.0,32.0,06.0,592.0,1,2,3,4,5,6,7
08.0,10.0,1900.0,05.0,18.0,05.0,210.0,3,1,2,4,5,6,7
23.0,10.0,00.0,29.0,52.0,324.0,0,2,1,4,5,6,7
14.0,04.0,1971.0,01.0,39.0,53.0,726.0,3,2,1,4,5,6,7
2049.0,10.0,24.0,01.0,09.0,57.0,067.0,1,2,3,4,5,6,7
10.0,05.0,2038.0,00.0,25.0,47.0,347.0,3,1,2,4,5,6,7
22.0,11.0,22.0,49.0,08.0,748.0,0,2,1,4,5,6,7
26.0,11.0,2029.0,07.0,39.0,11.0,184.0,3,2,1,4,5,6,7
2080.0,08.0,26.0,06.0,55.0,43.0,986.0,1,2,3,4,5,6,7
02.0,12.0,2062.0,04.0,01.0,17.0,392.0,3,1,2,4,5,6,7
25.0,09.0,14.0,02.0,01.0,225.0,0,2,1,4,5,6,7
06.0,01.0,1997.0,04.0,35.0,20.0,317.0,3,2,1,4,5,6,7
1919.0,04.0,04.0,22.0,04.0,07.0,228.0,1,2,3,4,5,6,7
11.0,17.0,2057.0,00.0,14.0,16.0,884.0,3,1,2,4,5,6,7
05.0,09.0,15.0,42.0,45.0,879.0,0,2,1,4,5,6,7
28.0,01.0,2099.0,16.0,01.0,18.0,323.0,3,2,1,4,5,6,7
1914.0,04.0,19.0,06.0,37.0,25.0,952.0,1,2,3,4,5,6,7
08.0,08.0,2095.0,21.0,17.0,52.0,759.0,3,1,2,4,5,6,7
04.0,04.0,17.0,07.0,49.0,886.0,0,2,1,4,5,6,7
23.0,06.0,2042.0,17.0,10.0,41.0,831.0,3,2,1,4,5,6,7
1960.0,04.0,13.0,18.0,51.0,54.0,086.0,1,2,3,4,5,6,7
02.0,27.0,1940.0,12.0,23.0,15.0,503.0,3,1,2,4,5,6,7
30.0,11.0,10.0,50.0,06.0,585.0,0,2,1,4,5,6,7
14.0,02.0,2034.0,18.0,40.0,15.0,628.0,3,2,1,4,5,6,7
2017.0,01.0,06.0,04.0,41.0,19.0,836.0,1,2,3,4,5,6,7
08.0,16.0,2003.0,02.0,53.0,52.0,471.0,3,1,2,4,5,6,7
04.0,11.0,15.0,24.0,24.0,306.0,0,2,1,4,5,6,7
03.0,04.0,2024.0,15.0,41.0,49.0,133.0,3,2,1,4,5,6,7
1979.0,10.0,30.0,19.0,38.0,43.0,687.0,1,2,3,4,5,6,7
04.0,19.0,1960.0,14.0,44.0,56.0,238.0,3,1,2,4,5,6,7
10.0,09.0,21.0,44.0,03.0,875.0,0,2,1,4,5,6,7
29.0,11.0,2096.0,03.0,15.0,28.0,101.0,3,2,1,4,5,6,7
2087.0,01.0,17.0,04.0,35.0,44.0,051.0,1,2,3,4,5,6,7
03.0,05.0,1918.0,01.0,45.0,39.0,029.0,3,1,2,4,5,6,7
25.0,01.0,10.0,05.0,36.0,958.0,0,2,1,4,5,6,7
08.0,03.0,1944.0,11.0,50.0,23.0,267.0,3,2,1,4,5,6,7
1904.0,10.0,08.0,03.0,34.0,17.0,665.0,1,2,3,4,5,6,7
02.0,15.0,2062.0,18.0,05.0,51.0,919.0,3,1,2,4,5,6,7
03.0,04.0,00.0,34.0,43.0,363.0,0,2,1,4,5,6,7
25.0,08.0,1948.0,08.0,10.0,23.0,023.0,3,2,1,4,5,6,7
2051.0,11.0,08.0,05.0,23.0,24.0,088.0,1,2,3,4,5,6,7
08.0,22.0,1994.0,16.0,47.0,00.0,745.0,3,1,2,4,5,6,7
04.0,03.0,18.0,43.0,57.0,190.0,0,2,1,4,5,6,7
28.0,06.0,2094.0,18.0,35.0,49.0,515.0,3,2,1,4,5,6,7
1958.0,07.0,29.0,12.0,16.0,29.0,152.0,1,2,3,4,5,6,7
08.0,15.0,1965.0,08.0,23.0,00.0,381.0,3,1,2,4,5,6,7
01.0,05.0,20.0,40.0,04.0,231.0,0,2,1,4,5,6,7
22.0,09.0,1998.0,18.0,28.0,28.0,973.0,3,2,1,4,5,6,7
1915.0,09.0,26.0,11.0,16.0,43.0,027.0,1,2,3,4,5,6,7
06.0,29.0,2041.0,10.0,27.0,56.0,316.0,3,1,2,4,5,6,7
26.0,01.0,05.0,03.0,57.0,342.0,0,2,1,4,5,6,7
29.0,11.0,1905.0,01.0,40.0,52.0,489.0,3,2,1,4,5,6,7
2071.0,07.0,26.0,18.0,33.0,37.0,630.0,1,2,3,4,5,6,7
06.0,27.0,1999.0,05.0,48.0,53.0,289.0,3,1,2,4,5,6,7
17.0,11.0,03.0,57.0,03.0,616.0,0,2,1,4,5,6,7
05.0,09.0,1969.0,11.0,35.0,50.0,894.0,3,2,1,4,5,6,7
2087.0,09.0,27.0,15.0,13.0,55.0,484.0,1,2,3,4,5,6,7
09.0,29.0,1954.0,07.0,21.0,31.0,057.0,3,1,2,4,5,6,7
27.0,11.0,01.0,04.0,30.0,043.0,0,2,1,4,5,6,7
29.0,04.0,2074.0,21.0,13.0,51.0,876.0,3,2,1,4,5,6,7
1973.0,08.0,23.0,12.0,03.0,19.0,755.0,1,2,3,4,5,6,7
10.0,10.0,2042.0,19.0,02.0,41.0,243.0,3,1,2,4,5,6,7
21.0,02.0,15.0,39.0,12.0,012.0,0,2,1,4,5,6,7
03.0,11.0,2038.0,11.0,36.0,26.0,988.0,3,2,1,4,5,6,7
1981.0,06.0,09.0,21.0,44.0,49.0,134.0,1,2,3,4,5,6,7
01.0,23.0,2024.0,04.0,17.0,52.0,622.0,3,1,2,4,5,6,7
13.0,06.0,16.0,02.0,42.0,439.0,0,2,1,4,5,6,7
23.0,08.0,2006.0,13.0,33.0,04.0,722.0,3,2,1,4,5,6,7
1904.0,05.0,17.0,19.0,24.0,52.0,432.0,1,2,3,4,5,6,7
07.0,01.0,1999.0,09.0,02.0,01.0,120.0,3,1,2,4,5,6,7
23.0,01.0,12.0,55.0,58.0,546.0,0,2,1,4,5,6,7
29.0,05.0,1917.0,14.0,25.0,40.0,424.0,3,2,1,4,5,6,7
1923.0,05.0,09.0,02.0,11.0,53.0,229.0,1,2,3,4,5,6,7
11.0,17.0,2090.0,17.0,22.0,25.0,268.0,3,1,2,4,5,6,7
13.0,04.0,07.0,12.0,17.0,287.0,0,2,1,4,5,6,7
05.0,01.0,1905.0,05.0,39.0,25.0,383.0,3,2,1,4,5,6,7
1903.0,03.0,19.0,08.0,51.0,01.0,697.0,1,2,3,4,5,6,7
10.0,07.0,2071.0,09.0,56.0,03.0,846.0,3,1,2,4,5,6,7
28.0,02.0,16.0,49.0,03.0,218.0,0,2,1,4,5,6,7
02.0,02.0,1929.0,08.0,13.0,06.0,122.0,3,2,1,4,5,6,7
2075.0,03.0,19.0,20.0,58.0,40.0,775.0,1,2,3,4,5,6,7
06.0,21.0,1918.0,21.0,21.0,54.0,983.0,3,1,2,4,5,6,7
08.0,11.0,18.0,32.0,06.0,175.0,0,2,1,4,5,6,7
14.0,08.0,2046.0,19.0,22.0,45.0,515.0,3,2,1,4,5,6,7
2087.0,06.0,18.0,14.0,37.0,45.0,164.0,1,2,3,4,5,6,7
10.0,23.0,1960.0,05.0,09.0,22.0,020.0,3,1,2,4,5,6,7
10.0,03.0,04.0,23.0,31.0,452.0,0,2,1,4,5,6,7
25.0,02.0,1948.0,13.0,44.0,33.0,113.0,3,2,1,4,5,6,7
2087.0,11.0,10.0,04.0,57.0,39.0,272.0,1,2,3,4,5,6,7
04.0,13.0,2068.0,16.0,20.0,30.0,045.0,3,1,2,4,5,6,7
19.0,10.0,17.0,42.0,39.0,313.0,0,2,1,4,5,6,7
01.0,09.0,2070.0,22.0,47.0,30.0,745.0,3,2,1,4,5,6,7
1993.0,04.0,19.0,01.0,17.0,27.0,090.0,1,2,3,4,5,6,7
07.0,25.0,1969.0,11.0,51.0,17.0,113.0,3,1,2,4,5,6,7
10.0,06.0,03.0,33.0,48.0,565.0,0,2,1,4,5,6,7
27.0,11.0,1948.0,20.0,26.0,40.0,236.0,3,2,1,4,5,6,7
1902.0,01.0,29.0,14.0,18.0,21.0,172.0,1,2,3,4,5,6,7
02.0,10.0,1931.0,13.0,14.0,30.0,830.0,3,1,2,4,5,6,7
29.0,03.0,11.0,57.0,41.0,628.0,0,2,1,4,5,6,7
25.0,11.0,1934.0,08.0,17.0,49.0,889.0,3,2,1,4,5,6,7
2090.0,07.0,20.0,09.0,03.0,52.0,341.0,1,2,3,4,5,6,7
06.0,08.0,2019.0,10.0,58.0,38.0,148.0,3,1,2,4,5,6,7
18.0,03.0,13.0,51.0,27.0,983.0,0,2,1,4,5,6,7
28.0,03.0,1939.0,06.0,34.0,51.0,159.0,3,2,1,4,5,6,7
1930.0,05.0,08.0,15.0,00.0,06.0,482.0,1,2,3,4,5,6,7
03.0,28.0,1901.0,09.0,47.0,06.0,927.0,3,1,2,4,5,6,7
05.0,11.0,20.0,49.0,05.0,142.0,0,2,1,4,5,6,7
20.0,03.0,2042.0,00.0,42.0,17.0,852.0,3,2,1,4,5,6,7
2043.0,06.0,24.0,22.0,41.0,53.0,789.0,1,2,3,4,5,6,7
11.0,22.0,2066.0,18.0,50.0,37.0,084.0,3,1,2,4,5,6,7
24.0,05.0,06.0,27.0,19.0,329.0,0,2,1,4,5,6,7
11.0,01.0,1933.0,06.0,43.0,05.0,005.0,3,2,1,4,5,6,7
2094.0,11.0,10.0,13.0,58.0,44.0,155.0,1,2,3,4,5,6,7
04.0,08.0,2064.0,19.0,15.0,12.0,890.0,3,1,2,4,5,6,7
29.0,10.0,07.0,47.0,44.0,841.0,0,2,1,4,5,6,7
20.0,09.0,1913.0,19.0,22.0,38.0,590.0,3,2,1,4,5,6,7
1928.0,11.0,21.0,01.0,35.0,20.0,929.0,1,2,3,4,5,6,7
11.0,25.0,2030.0,19.0,12.0,40.0,322.0,3,1,2,4,5,6,7
21.0,07.0,06.0,08.0,49.0,699.0,0,2,1,4,5,6,7
22.0,04.0,2019.0,07.0,19.0,06.0,056.0,3,2,1,4,5,6,7
2086.0,05.0,02.0,14.0,57.0,21.0,189.0,1,2,3,4,5,6,7
08.0,04.0,2059.0,13.0,37.0,34.0,177.0,3,1,2,4,5,6,7
17.0,06.0,12.0,15.0,14.0,521.0,0,2,1,4,5,6,7
01.0,01.0,2000.0,16.0,21.0,27.0,760.0,3,2,1,4,5,6,7
2079.0,02.0,20.0,08.0,56.0,52.0,747.0,1,2,3,4,5,6,7
01.0,25.0,2014.0,14.0,29.0,50.0,041.0,3,1,2,4,5,6,7
21.0,10.0,05.0,37.0,13.0,756.0,0,2,1,4,5,6,7
08.0,05.0,2080.0,14.0,07.0,53.0,316.0,3,2,1,4,5,6,7
2030.0,07.0,16.0,19.0,49.0,38.0,591.0,1,2,3,4,5,6,7
10.0,09.0,2013.0,02.0,15.0,28.0,113.0,3,1,2,4,5,6,7
14.0,04.0,07.0,19.0,09.0,328.0,0,2,1,4,5,6,7
14.0,08.0,1910.0,10.0,28.0,25.0,937.0,3,2,1,4,5,6,7
2070.0,11.0,12.0,22.0,10.0,07.0,130.0,1,2,3,4,5,6,7
03.0,20.0,2036.0,09.0,20.0,02.0,292.0,3,1,2,4,5,6,7
26.0,07.0,22.0,06.0,57.0,458.0,0,2,1,4,5,6,7
26.0,07.0,1953.0,09.0,47.0,31.0,919.0,3,2,1,4,5,6,7
1982.0,08.0,04.0,13.0,17.0,30.0,614.0,1,2,3,4,5,6,7
02.0,03.0,2087.0,16.0,18.0,45.0,919.0,3,1,2,4,5,6,7
08.0,02.0,22.0,39.0,42.0,960.0,0,2,1,4,5,6,7
10.0,01.0,1943.0,08.0,54.0,47.0,527.0,3,2,1,4,5,6,7
2014.0,10.0,19.0,02.0,19.0,14.0,353.0,1,2,3,4,5,6,7
03.0,12.0,1942.0,18.0,51.0,01.0,049.0,3,1,2,4,5,6,7
10.0,01.0,11.0,34.0,51.0,544.0,0,2,1,4,5,6,7
09.0,04.0,2040.0,11.0,09.0,39.0,644.0,3,2,1,4,5,6,7
1972.0,06.0,03.0,09.0,50.0,10.0,933.0,1,2,3,4,5,6,7
05.0,27.0,2037.0,17.0,11.0,02.0,146.0,3,1,2,4,5,6,7
02.0,07.0,21.0,00.0,58.0,770.0,0,2,1,4,5,6,7
20.0,11.0,1914.0,12.0,14.0,09.0,763.0,3,2,1,4,5,6,7
1977.0,03.0,18.0,07.0,40.0,48.0,418.0,1,2,3,4,5,6,7
08.0,13.0,2030.0,13.0,57.0,06.0,665.0,3,1,2,4,5,6,7
16.0,04.0,08.0,53.0,22.0,111.0,0,2,1,4,5,6,7
30.0,04.0,2085.0,09.0,21.0,21.0,037.0,3,2,1,4,5,6,7
1918.0,02.0,13.0,08.0,20.0,42.0,668.0,1,2,3,4,5,6,7
04.0,16.0,2043.0,11.0,08.0,15.0,063.0,3,1,2,4,5,6,7
20.0,03.0,17.0,15.0,38.0,216.0,0,2,1,4,5,6,7
24.0,02.0,2059.0,17.0,30.0,29.0,392.0,3,2,1,4,5,6,7
1992.0,09.0,21.0,02.0,02.0,41.0,293.0,1,2,3,4,5,6,7
07.0,19.0,1950.0,16.0,57.0,02.0,400.0,3,1,2,4,5,6,7
14.0,06.0,14.0,25.0,18.0,882.0,0,2,1,4,5,6,7
09.0,10.0,2028.0,15.0,24.0,05.0,899.0,3,2,1,4,5,6,7
2009.0,01.0,19.0,06.0,49.0,49.0,405.0,1,2,3,4,5,6,7
07.0,27.0,2090.0,07.0,19.0,04.0,831.0,3,1,2,4,5,6,7
02.0,07.0,08.0,20.0,22.0,410.0,0,2,1,4,5,6,7
01.0,03.0,2089.0,21.0,33.0,21.0,961.0,3,2,1,4,5,6,7
1974.0,10.0,10.0,10.0,13.0,10.0,331.0,1,2,3,4,5,6,7
02.0,28.0,1911.0,19.0,16.0,11.0,999.0,3,1,2,4,5,6,7
07.0,04.0,02.0,21.0,55.0,018.0,0,2,1,4,5,6,7
18.0,06.0,1934.0,21.0,46.0,55.0,137.0,3,2,1,4,5,6,7
2001.0,07.0,11.0,19.0,26.0,21.0,642.0,1,2,3,4,5,6,7
11.0,01.0,2058.0,17.0,21.0,38.0,513.0,3,1,2,4,5,6,7
07.0,03.0,15.0,58.0,00.0,713.0,0,2,1,4,5,6,7
10.0,04.0,2099.0,01.0,37.0,30.0,804.0,3,2,1,4,5,6,7
1915.0,09.0,30.0,07.0,00.0,32.0,401.0,1,2,3,4,5,6,7
05.0,12.0,2052.0,03.0,42.0,26.0,472.0,3,1,2,4,5,6,7
10.0,10.0,22.0,46.0,58.0,563.0,0,2,1,4,5,6,7
23.0,08.0,2029.0,19.0,47.0,26.0,240.0,3,2,1,4,5,6,7
1909.0,04.0,08.0,20.0,14.0,46.0,307.0,1,2,3,4,5,6,7
04.0,29.0,1921.0,18.0,10.0,43.0,247.0,3,1,2,4,5,6,7
22.0,05.0,22.0,28.0,14.0,624.0,0,2,1,4,5,6,7
19.0,10.0,1907.0,22.0,05.0,18.0,123.0,3,2,1,4,5,6,7
1963.0,06.0,02.0,16.0,27.0,04.0,519.0,1,2,3,4,5,6,7
07.0,01.0,1927.0,10.0,51.0,08.0,551.0,3,1,2,4,5,6,7
16.0,05.0,09.0,23.0,13.0,880.0,0,2,1,4,5,6,7
04.0,04.0,1934.0,04.0,12.0,33.0,878.0,3,2,1,4,5,6,7
2043.0,05.0,19.0,17.0,38.0,37.0,263.0,1,2,3,4,5,6,7
07.0,05.0,2098.0,09.0,15.0,25.0,155.0,3,1,2,4,5,6,7
18.0,06.0,10.0,42.0,42.0,407.0,0,2,1,4,5,6,7
20.0,11.0,2006.0,04.0,44.0,45.0,798.0,3,2,1,4,5,6,7
2062.0,05.0,22.0,02.0,11.0,54.0,020.0,1,2,3,4,5,6,7
10.0,08.0,2046.0,08.0,30.0,57.0,495.0,3,1,2,4,5,6,7
07.0,11.0,17.0,49.0,35.0,663.0,0,2,1,4,5,6,7
20.0,03.0,2012.0,09.0,10.0,46.0,373.0,3,2,1,4,5,6,7
1981.0,10.0,09.0,07.0,44.0,50.0,960.0,1,2,3,4,5,6,7
05.0,27.0,2046.0,22.0,05.0,35.0,780.0,3,1,2,4,5,6,7
10.0,01.0,16.0,14.0,12.0,203.0,0,2,1,4,5,6,7
15.0,06.0,2018.0,02.0,09.0,10.0,778.0,3,2,1,4,5,6,7
2063.0,06.0,11.0,08.0,08.0,17.0,541.0,1,2,3,4,5,6,7
09.0,03.0,1914.0,00.0,03.0,54.0,188.0,3,1,2,4,5,6,7
1914.0,01.0,03.0,03.0,21.0,04.0,640.0,1,2,3,4,5,6,7
10.0,04.0,2063.0,22.0,07.0,07.0,145.0,3,1,2,4,5,6,7
28.0,11.0,16.0,10.0,37.0,590.0,0,2,1,4,5,6,7
16.0,09.0,1938.0,12.0,45.0,26.0,222.0,3,2,1,4,5,6,7
2081.0,07.0,26.0,04.0,05.0,14.0,369.0,1,2,3,4,5,6,7
05.0,24.0,2040.0,06.0,28.0,17.0,731.0,3,1,2,4,5,6,7
25.0,03.0,09.0,16.0,30.0,280.0,0,2,1,4,5,6,7
17.0,03.0,2044.0,20.0,00.0,38.0,811.0,3,2,1,4,5,6,7
2054.0,10.0,03.0,02.0,08.0,47.0,769.0,1,2,3,4,5,6,7
01.0,25.0,2076.0,16.0,37.0,27.0,733.0,3,1,2,4,5,6,7
22.0,11.0,05.0,58.0,18.0,808.0,0,2,1,4,5,6,7
06.0,02.0,1944.0,21.0,51.0,42.0,726.0,3,2,1,4,5,6,7
2094.0,08.0,27.0,19.0,44.0,37.0,920.0,1,2,3,4,5,6,7
07.0,26.0,2023.0,16.0,12.0,43.0,956.0,3,1,2,4,5,6,7
16.0,06.0,19.0,54.0,52.0,178.0,0,2,1,4,5,6,7
16.0,02.0,1903.0,05.0,28.0,30.0,101.0,3,2,1,4,5,6,7
2061.0,04.0,23.0,18.0,36.0,40.0,581.0,1,2,3,4,5,6,7
02.0,20.0,2080.0,00.0,18.0,56.0,963.0,3,1,2,4,5,6,7
28.0,08.0,11.0,50.0,09.0,136.0,0,2,1,4,5,6,7
2081.0,06.0,09.0,21.0,03.0,12.0,406.0,1,2,3,4,5,6,7
03.0,02.0,1911.0,15.0,02.0,36.0,561.0,3,1,2,4,5,6,7
12.0,02.0,04.0,16.0,31.0,848.0,0,2,1,4,5,6,7
05.0,11.0,2013.0,16.0,15.0,21.0,611.0,3,2,1,4,5,6,7
2057.0,08.0,13.0,13.0,06.0,20.0,924.0,1,2,3,4,5,6,7
06.0,16.0,1916.0,04.0,26.0,05.0,970.0,3,1,2,4,5,6,7
06.0,03.0,12.0,45.0,05.0,128.0,0,2,1,4,5,6,7
10.0,01.0,1904.0,00.0,29.0,47.0,973.0,3,2,1,4,5,6,7
1987.0,07.0,23.0,04.0,21.0,53.0,949.0,1,2,3,4,5,6,7
01.0,03.0,2036.0,07.0,42.0,09.0,811.0,3,1,2,4,5,6,7
19.0,09.0,14.0,27.0,01.0,631.0,0,2,1,4,5,6,7
16.0,07.0,2034.0,17.0,24.0,14.0,120.0,3,2,1,4,5,6,7
2086.0,09.0,12.0,15.0,16.0,49.0,794.0,1,2,3,4,5,6,7
02.0,11.0,1933.0,12.0,02.0,37.0,767.0,3,1,2,4,5,6,7
07.0,11.0,00.0,38.0,46.0,691.0,0,2,1,4,5,6,7
06.0,05.0,1953.0,19.0,16.0,32.0,080.0,3,2,1,4,5,6,7
2098.0,11.0,24.0,10.0,30.0,46.0,705.0,1,2,3,4,5,6,7
06.0,10.0,2007.0,07.0,18.0,25.0,983.0,3,1,2,4,5,6,7
02.0,04.0,16.0,18.0,10.0,512.0,0,2,1,4,5,6,7
01.0,01.0,2052.0,18.0,12.0,46.0,087.0,3,2,1,4,5,6,7
1912.0,06.0,17.0,03.0,05.0,12.0,226.0,1,2,3,4,5,6,7
09.0,01.0,1939.0,14.0,06.0,11.0,093.0,3,1,2,4,5,6,7
13.0,05.0,09.0,24.0,25.0,226.0,0,2,1,4,5,6,7
06.0,05.0,2066.0,05.0,03.0,20.0,761.0,3,2,1,4,5,6,7
2037.0,08.0,06.0,19.0,41.0,11.0,755.0,1,2,3,4,5,6,7
09.0,10.0,1983.0,14.0,56.0,43.0,013.0,3,1,2,4,5,6,7
09.0,09.0,22.0,21.0,12.0,948.0,0,2,1,4,5,6,7
06.0,07.0,2013.0,15.0,11.0,19.0,394.0,3,2,1,4,5,6,7
2078.0,11.0,14.0,22.0,54.0,52.0,462.0,1,2,3,4,5,6,7
08.0,22.0,2091.0,12.0,19.0,47.0,525.0,3,1,2,4,5,6,7
17.0,07.0,04.0,24.0,21.0,300.0,0,2,1,4,5,6,7
30.0,08.0,2098.0,14.0,10.0,24.0,147.0,3,2,1,4,5,6,7
2050.0,09.0,08.0,22.0,03.0,58.0,828.0,1,2,3,4,5,6,7
04.0,08.0,1993.0,15.0,52.0,10.0,020.0,3,1,2,4,5,6,7
17.0,04.0,05.0,10.0,05.0,069.0,0,2,1,4,5,6,7
20.0,10.0,1964.0,00.0,41.0,47.0,986.0,3,2,1,4,5,6,7
2043.0,10.0,02.0,19.0,06.0,08.0,536.0,1,2,3,4,5,6,7
04.0,26.0,2007.0,09.0,20.0,26.0,659.0,3,1,2,4,5,6,7
28.0,09.0,15.0,52.0,30.0,577.0,0,2,1,4,5,6,7
03.0,07.0,1932.0,15.0,12.0,19.0,197.0,3,2,1,4,5,6,7
2089.0,01.0,19.0,15.0,08.0,06.0,110.0,1,2,3,4,5,6,7
06.0,16.0,1940.0,15.0,52.0,35.0,669.0,3,1,2,4,5,6,7
28.0,03.0,03.0,49.0,57.0,078.0,0,2,1,4,5,6,7
16.0,07.0,2085.0,16.0,06.0,30.0,432.0,3,2,1,4,5,6,7
2014.0,05.0,25.0,03.0,40.0,30.0,704.0,1,2,3,4,5,6,7
09.0,18.0,2067.0,07.0,41.0,40.0,436.0,3,1,2,4,5,6,7
09.0,04.0,04.0,16.0,04.0,978.0,0,2,1,4,5,6,7
30.0,01.0,2083.0,20.0,55.0,32.0,294.0,3,2,1,4,5,6,7
2078.0,10.0,28.0,17.0,36.0,37.0,705.0,1,2,3,4,5,6,7
11.0,02.0,1936.0,22.0,18.0,53.0,538.0,3,1,2,4,5,6,7
27.0,04.0,17.0,39.0,20.0,978.0,0,2,1,4,5,6,7
30.0,04.0,1957.0,19.0,10.0,14.0,649.0,3,2,1,4,5,6,7
1987.0,05.0,15.0,14.0,46.0,01.0,367.0,1,2,3,4,5,6,7
01.0,13.0,2081.0,16.0,13.0,48.0,925.0,3,1,2,4,5,6,7
24.0,11.0,17.0,33.0,52.0,294.0,0,2,1,4,5,6,7
24.0,04.0,1945.0,07.0,22.0,08.0,979.0,3,2,1,4,5,6,7
1954.0,11.0,27.0,01.0,12.0,15.0,504.0,1,2,3,4,5,6,7
07.0,30.0,1923.0,15.0,38.0,36.0,954.0,3,1,2,4,5,6,7
12.0,02.0,14.0,16.0,43.0,941.0,0,2,1,4,5,6,7
25.0,01.0,1936.0,08.0,04.0,10.0,305.0,3,2,1,4,5,6,7
1915.0,07.0,14.0,03.0,30.0,43.0,408.0,1,2,3,4,5,6,7
07.0,21.0,1988.0,11.0,02.0,11.0,130.0,3,1,2,4,5,6,7
17.0,01.0,22.0,58.0,25.0,722.0,0,2,1,4,5,6,7
24.0,11.0,2081.0,06.0,24.0,11.0,452.0,3,2,1,4,5,6,7
1970.0,05.0,24.0,08.0,16.0,42.0,522.0,1,2,3,4,5,6,7
03.0,02.0,1928.0,20.0,56.0,58.0,976.0,3,1,2,4,5,6,7
03.0,11.0,09.0,36.0,32.0,938.0,0,2,1,4,5,6,7
02.0,01.0,1981.0,19.0,09.0,30.0,637.0,3,2,1,4,5,6,7
2019.0,03.0,16.0,08.0,12.0,43.0,092.0,1,2,3,4,5,6,7
04.0,03.0,2078.0,01.0,49.0,41.0,636.0,3,1,2,4,5,6,7
14.0,07.0,11.0,46.0,29.0,050.0,0,2,1,4,5,6,7
24.0,03.0,2032.0,22.0,10.0,54.0,718.0,3,2,1,4,5,6,7
1967.0,05.0,07.0,14.0,53.0,37.0,967.0,1,2,3,4,5,6,7
10.0,23.0,1976.0,11.0,49.0,28.0,473.0,3,1,2,4,5,6,7
18.0,02.0,09.0,34.0,28.0,476.0,0,2,1,4,5,6,7
29.0,02.0,1916.0,02.0,28.0,00.0,703.0,3,2,1,4,5,6,7
2061.0,05.0,07.0,22.0,44.0,46.0,947.0,1,2,3,4,5,6,7
01.0,04.0,2077.0,19.0,03.0,20.0,162.0,3,1,2,4,5,6,7
23.0,01.0,12.0,49.0,41.0,464.0,0,2,1,4,5,6,7
05.0,06.0,1945.0,06.0,19.0,49.0,510.0,3,2,1,4,5,6,7
1974.0,08.0,02.0,00.0,16.0,51.0,601.0,1,2,3,4,5,6,7
01.0,18.0,1959.0,03.0,42.0,49.0,484.0,3,1,2,4,5,6,7
13.0,06.0,10.0,28.0,57.0,526.0,0,2,1,4,5,6,7
03.0,10.0,1963.0,00.0,35.0,31.0,325.0,3,2,1,4,5,6,7
2088.0,02.0,02.0,12.0,00.0,10.0,285.0,1,2,3,4,5,6,7
10.0,04.0,1907.0,15.0,49.0,36.0,341.0,3,1,2,4,5,6,7
02.0,11.0,22.0,18.0,40.0,193.0,0,2,1,4,5,6,7
20.0,07.0,1974.0,04.0,57.0,16.0,362.0,3,2,1,4,5,6,7
1978.0,09.0,05.0,18.0,30.0,16.0,144.0,1,2,3,4,5,6,7
04.0,22.0,1944.0,19.0,39.0,23.0,299.0,3,1,2,4,5,6,7
11.0,01.0,04.0,17.0,08.0,005.0,0,2,1,4,5,6,7
04.0,02.0,2023.0,21.0,11.0,26.0,204.0,3,2,1,4,5,6,7
1974.0,07.0,17.0,08.0,52.0,27.0,269.0,1,2,3,4,5,6,7
10.0,06.0,1957.0,21.0,08.0,08.0,284.0,3,1,2,4,5,6,7
29.0,10.0,10.0,44.0,29.0,470.0,0,2,1,4,5,6,7
24.0,05.0,2085.0,03.0,50.0,57.0,471.0,3,2,1,4,5,6,7
2091.0,09.0,20.0,13.0,39.0,27.0,797.0,1,2,3,4,5,6,7
09.0,26.0,1927.0,07.0,55.0,29.0,969.0,3,1,2,4,5,6,7
17.0,08.0,20.0,20.0,32.0,406.0,0,2,1,4,5,6,7
25.0,01.0,2055.0,10.0,34.0,35.0,986.0,3,2,1,4,5,6,7
1962.0,11.0,28.0,04.0,14.0,09.0,693.0,1,2,3,4,5,6,7
10.0,17.0,1967.0,05.0,27.0,33.0,752.0,3,1,2,4,5,6,7
25.0,02.0,20.0,06.0,27.0,540.0,0,2,1,4,5,6,7
04.0,09.0,1900.0,11.0,50.0,00.0,214.0,3,2,1,4,5,6,7
2076.0,04.0,01.0,22.0,11.0,53.0,129.0,1,2,3,4,5,6,7
02.0,03.0,2040.0,06.0,53.0,40.0,160.0,3,1,2,4,5,6,7
26.0,07.0,10.0,20.0,29.0,411.0,0,2,1,4,5,6,7
03.0,07.0,1929.0,02.0,05.0,57.0,273.0,3,2,1,4,5,6,7
2047.0,08.0,30.0,15.0,43.0,32.0,876.0,1,2,3,4,5,6,7
09.0,11.0,2072.0,12.0,42.0,44.0,004.0,3,1,2,4,5,6,7
16.0,02.0,01.0,51.0,48.0,668.0,0,2,1,4,5,6,7
26.0,06.0,1912.0,09.0,11.0,50.0,460.0,3,2,1,4,5,6,7
1956.0,02.0,29.0,20.0,08.0,43.0,894.0,1,2,3,4,5,6,7
04.0,11.0,2083.0,02.0,17.0,30.0,562.0,3,1,2,4,5,6,7
28.0,08.0,16.0,25.0,43.0,607.0,0,2,1,4,5,6,7
05.0,06.0,1982.0,14.0,54.0,25.0,827.0,3,2,1,4,5,6,7
2081.0,09.0,09.0,00.0,37.0,20.0,338.0,1,2,3,4,5,6,7
05.0,03.0,2008.0,11.0,31.0,55.0,628.0,3,1,2,4,5,6,7
02.0,11.0,13.0,56.0,29.0,383.0,0,2,1,4,5,6,7
14.0,06.0,2016.0,10.0,41.0,18.0,048.0,3,2,1,4,5,6,7
1951.0,06.0,19.0,12.0,07.0,43.0,546.0,1,2,3,4,5,6,7
09.0,06.0,1910.0,09.0,41.0,55.0,292.0,3,1,2,4,5,6,7
08.0,09.0,20.0,43.0,00.0,632.0,0,2,1,4,5,6,7
08.0,05.0,1977.0,01.0,50.0,05.0,481.0,3,2,1,4,5,6,7
1951.0,09.0,29.0,01.0,47.0,33.0,168.0,1,2,3,4,5,6,7
10.0,03.0,1919.0,19.0,51.0,09.0,931.0,3,1,2,4,5,6,7
07.0,07.0,17.0,20.0,11.0,433.0,0,2,1,4,5,6,7
06.0,05.0,1972.0,16.0,11.0,05.0,071.0,3,2,1,4,5,6,7
2003.0,08.0,16.0,20.0,28.0,36.0,498.0,1,2,3,4,5,6,7
07.0,16.0,2032.0,18.0,50.0,29.0,976.0,3,1,2,4,5,6,7
04.0,09.0,12.0,58.0,26.0,361.0,0,2,1,4,5,6,7
11.0,05.0,1989.0,20.0,08.0,10.0,509.0,3,2,1,4,5,6,7
2024.0,04.0,29.0,18.0,29.0,02.0,239.0,1,2,3,4,5,6,7
05.0,16.0,2068.0,16.0,45.0,14.0,703.0,3,1,2,4,5,6,7
01.0,08.0,17.0,26.0,24.0,164.0,0,2,1,4,5,6,7
07.0,04.0,2062.0,00.0,40.0,44.0,826.0,3,2,1,4,5,6,7
1990.0,11.0,15.0,17.0,28.0,21.0,392.0,1,2,3,4,5,6,7
08.0,10.0,2077.0,09.0,05.0,07.0,453.0,3,1,2,4,5,6,7
29.0,08.0,09.0,38.0,01.0,975.0,0,2,1,4,5,6,7
30.0,01.0,2010.0,20.0,15.0,25.0,448.0,3,2,1,4,5,6,7
2087.0,09.0,07.0,21.0,51.0,34.0,680.0,1,2,3,4,5,6,7
09.0,03.0,2003.0,07.0,37.0,04.0,409.0,3,1,2,4,5,6,7
08.0,03.0,00.0,39.0,14.0,302.0,0,2,1,4,5,6,7
03.0,02.0,2049.0,19.0,53.0,27.0,576.0,3,2,1,4,5,6,7
2021.0,09.0,30.0,18.0,13.0,33.0,946.0,1,2,3,4,5,6,7
11.0,08.0,1958.0,15.0,01.0,54.0,296.0,3,1,2,4,5,6,7
27.0,11.0,21.0,53.0,33.0,010.0,0,2,1,4,5,6,7
01.0,07.0,1901.0,15.0,21.0,34.0,642.0,3,2,1,4,5,6,7
2085.0,10.0,03.0,06.0,01.0,11.0,274.0,1,2,3,4,5,6,7
06.0,13.0,1965.0,14.0,15.0,08.0,148.0,3,1,2,4,5,6,7
13.0,01.0,03.0,47.0,54.0,359.0,0,2,1,4,5,6,7
21.0,08.0,1994.0,18.0,44.0,53.0,504.0,3,2,1,4,5,6,7
2006.0,06.0,08.0,02.0,50.0,43.0,126.0,1,2,3,4,5,6,7
03.0,11.0,2089.0,13.0,28.0,18.0,591.0,3,1,2,4,5,6,7
07.0,08.0,03.0,33.0,49.0,741.0,0,2,1,4,5,6,7
23.0,10.0,1978.0,07.0,42.0,13.0,004.0,3,2,1,4,5,6,7
2003.0,10.0,17.0,04.0,08.0,30.0,685.0,1,2,3,4,5,6,7
07.0,18.0,2001.0,17.0,35.0,19.0,925.0,3,1,2,4,5,6,7
14.0,10.0,17.0,04.0,27.0,137.0,0,2,1,4,5,6,7
27.0,10.0,1953.0,09.0,10.0,13.0,467.0,3,2,1,4,5,6,7
1983.0,08.0,28.0,11.0,57.0,01.0,712.0,1,2,3,4,5,6,7
06.0,10.0,2008.0,02.0,50.0,43.0,661.0,3,1,2,4,5,6,7
16.0,11.0,09.0,25.0,49.0,482.0,0,2,1,4,5,6,7
03.0,02.0,1980.0,00.0,26.0,06.0,745.0,3,2,1,4,5,6,7
2057.0,09.0,29.0,04.0,15.0,58.0,667.0,1,2,3,4,5,6,7
09.0,14.0,2062.0,00.0,07.0,29.0,062.0,3,1,2,4,5,6,7
01.0,11.0,09.0,03.0,09.0,046.0,0,2,1,4,5,6,7
14.0,02.0,1997.0,16.0,44.0,43.0,451.0,3,2,1,4,5,6,7
1907.0,04.0,17.0,16.0,32.0,09.0,517.0,1,2,3,4,5,6,7
04.0,17.0,2046.0,02.0,49.0,15.0,679.0,3,1,2,4,5,6,7
30.0,07.0,00.0,52.0,19.0,674.0,0,2,1,4,5,6,7
18.0,05.0,1978.0,18.0,18.0,01.0,082.0,3,2,1,4,5,6,7
2077.0,02.0,09.0,05.0,17.0,21.0,686.0,1,2,3,4,5,6,7
08.0,20.0,2050.0,08.0,57.0,32.0,814.0,3,1,2,4,5,6,7
01.0,08.0,06.0,38.0,20.0,225.0,0,2,1,4,5,6,7
10.0,05.0,2086.0,12.0,13.0,49.0,852.0,3,2,1,4,5,6,7
2074.0,05.0,30.0,11.0,45.0,02.0,815.0,1,2,3,4,5,6,7
04.0,12.0,1900.0,20.0,01.0,13.0,366.0,3,1,2,4,5,6,7
13.0,06.0,16.0,43.0,12.0,831.0,0,2,1,4,5,6,7
13.0,03.0,2089.0,20.0,13.0,17.0,180.0,3,2,1,4,5,6,7
1929.0,04.0,08.0,09.0,33.0,51.0,597.0,1,2,3,4,5,6,7
11.0,20.0,1999.0,09.0,20.0,42.0,505.0,3,1,2,4,5,6,7
18.0,10.0,03.0,03.0,54.0,662.0,0,2,1,4,5,6,7
19.0,01.0,1932.0,10.0,24.0,32.0,947.0,3,2,1,4,5,6,7
1995.0,09.0,03.0,07.0,17.0,38.0,745.0,1,2,3,4,5,6,7
05.0,12.0,2033.0,20.0,43.0,34.0,206.0,3,1,2,4,5,6,7
15.0,04.0,09.0,27.0,16.0,719.0,0,2,1,4,5,6,7
14.0,06.0,2060.0,21.0,07.0,54.0,822.0,3,2,1,4,5,6,7
1953.0,04.0,23.0,03.0,09.0,51.0,284.0,1,2,3,4,5,6,7
06.0,24.0,2047.0,16.0,02.0,24.0,745.0,3,1,2,4,5,6,7
07.0,10.0,04.0,20.0,37.0,821.0,0,2,1,4,5,6,7
12.0,10.0,2088.0,00.0,22.0,14.0,204.0,3,2,1,4,5,6,7
1990.0,03.0,02.0,09.0,17.0,17.0,738.0,1,2,3,4,5,6,7
10.0,24.0,2088.0,00.0,16.0,34.0,875.0,3,1,2,4,5,6,7
21.0,08.0,19.0,35.0,24.0,342.0,0,2,1,4,5,6,7
13.0,11.0,2061.0,05.0,54.0,53.0,567.0,3,2,1,4,5,6,7
1989.0,09.0,04.0,21.0,32.0,04.0,448.0,1,2,3,4,5,6,7
09.0,17.0,2088.0,00.0,50.0,57.0,561.0,3,1,2,4,5,6,7
03.0,03.0,09.0,51.0,58.0,457.0,0,2,1,4,5,6,7
17.0,09.0,1901.0,02.0,52.0,50.0,294.0,3,2,1,4,5,6,7
2005.0,02.0,05.0,00.0,54.0,57.0,252.0,1,2,3,4,5,6,7
02.0,06.0,1927.0,14.0,12.0,57.0,829.0,3,1,2,4,5,6,7
26.0,05.0,09.0,38.0,18.0,601.0,0,2,1,4,5,6,7
24.0,08.0,2083.0,00.0,01.0,51.0,407.0,3,2,1,4,5,6,7
2038.0,01.0,24.0,07.0,24.0,17.0,920.0,1,2,3,4,5,6,7
08.0,16.0,2065.0,03.0,14.0,55.0,487.0,3,1,2,4,5,6,7
01.0,05.0,11.0,49.0,09.0,634.0,0,2,1,4,5,6,7
02.0,09.0,2056.0,02.0,24.0,24.0,948.0,3,2,1,4,5,6,7
2038.0,05.0,13.0,20.0,09.0,31.0,341.0,1,2,3,4,5,6,7
04.0,08.0,1960.0,19.0,38.0,47.0,234.0,3,1,2,4,5,6,7
28.0,11.0,16.0,54.0,15.0,707.0,0,2,1,4,5,6,7
09.0,03.0,1964.0,12.0,29.0,31.0,159.0,3,2,1,4,5,6,7
2046.0,09.0,29.0,17.0,35.0,36.0,181.0,1,2,3,4,5,6,7
07.0,11.0,2078.0,10.0,39.0,48.0,943.0,3,1,2,4,5,6,7
07.0,03.0,20.0,54.0,31.0,135.0,0,2,1,4,5,6,7
19.0,01.0,2053.0,00.0,15.0,38.0,018.0,3,2,1,4,5,6,7
1974.0,06.0,18.0,21.0,22.0,12.0,855.0,1,2,3,4,5,6,7
01.0,30.0,1912.0,05.0,27.0,43.0,687.0,3,1,2,4,5,6,7
17.0,03.0,02.0,16.0,36.0,716.0,0,2,1,4,5,6,7
27.0,04.0,1928.0,21.0,44.0,26.0,118.0,3,2,1,4,5,6,7
1963.0,10.0,09.0,07.0,46.0,28.0,000.0,1,2,3,4,5,6,7
08.0,08.0,1987.0,08.0,22.0,29.0,469.0,3,1,2,4,5,6,7
20.0,02.0,09.0,16.0,36.0,754.0,0,2,1,4,5,6,7
12.0,04.0,2050.0,22.0,27.0,26.0,399.0,3,2,1,4,5,6,7
1906.0,02.0,06.0,02.0,45.0,16.0,291.0,1,2,3,4,5,6,7
03.0,29.0,1974.0,20.0,54.0,10.0,410.0,3,1,2,4,5,6,7
12.0,04.0,04.0,21.0,57.0,760.0,0,2,1,4,5,6,7
06.0,11.0,1984.0,21.0,30.0,50.0,700.0,3,2,1,4,5,6,7
2050.0,03.0,30.0,15.0,01.0,44.0,332.0,1,2,3,4,5,6,7
04.0,17.0,1979.0,14.0,27.0,40.0,623.0,3,1,2,4,5,6,7
07.0,09.0,18.0,40.0,28.0,191.0,0,2,1,4,5,6,7
02.0,02.0,1908.0,18.0,42.0,38.0,664.0,3,2,1,4,5,6,7
2051.0,09.0,28.0,06.0,39.0,04.0,604.0,1,2,3,4,5,6,7
10.0,07.0,1976.0,21.0,14.0,37.0,873.0,3,1,2,4,5,6,7
23.0,02.0,07.0,09.0,07.0,845.0,0,2,1,4,5,6,7
24.0,05.0,1958.0,22.0,26.0,51.0,109.0,3,2,1,4,5,6,7
2099.0,02.0,16.0,13.0,22.0,02.0,905.0,1,2,3,4,5,6,7
09.0,03.0,2058.0,14.0,39.0,01.0,619.0,3,1,2,4,5,6,7
20.0,03.0,02.0,42.0,53.0,516.0,0,2,1,4,5,6,7
28.0,01.0,1971.0,08.0,23.0,06.0,555.0,3,2,1,4,5,6,7
2031.0,11.0,19.0,21.0,26.0,49.0,483.0,1,2,3,4,5,6,7
01.0,29.0,2048.0,15.0,00.0,18.0,022.0,3,1,2,4,5,6,7
27.0,07.0,19.0,45.0,19.0,290.0,0,2,1,4,5,6,7
06.0,02.0,1999.0,05.0,35.0,16.0,250.0,3,2,1,4,5,6,7
2032.0,01.0,11.0,14.0,27.0,49.0,146.0,1,2,3,4,5,6,7
11.0,01.0,2064.0,14.0,03.0,48.0,009.0,3,1,2,4,5,6,7
27.0,01.0,14.0,57.0,54.0,433.0,0,2,1,4,5,6,7
18.0,11.0,1919.0,20.0,25.0,54.0,704.0,3,2,1,4,5,6,7
1936.0,01.0,26.0,13.0,16.0,37.0,903.0,1,2,3,4,5,6,7
08.0,17.0,2099.0,21.0,20.0,52.0,565.0,3,1,2,4,5,6,7
19.0,01.0,18.0,34.0,34.0,178.0,0,2,1,4,5,6,7
21.0,04.0,2041.0,12.0,28.0,26.0,414.0,3,2,1,4,5,6,7
2040.0,11.0,20.0,15.0,21.0,57.0,364.0,1,2,3,4,5,6,7
13.0,03.0,16.0,40.0,30.0,811.0,0,2,1,4,5,6,7
02.0,02.0,1924.0,21.0,33.0,47.0,222.0,3,2,1,4,5,6,7
2038.0,05.0,28.0,00.0,13.0,51.0,972.0,1,2,3,4,5,6,7
05.0,23.0,2077.0,05.0,34.0,36.0,998.0,3,1,2,4,5,6,7
12.0,06.0,03.0,45.0,46.0,404.0,0,2,1,4,5,6,7
03.0,09.0,1962.0,11.0,36.0,26.0,484.0,3,2,1,4,5,6,7
2048.0,06.0,09.0,17.0,15.0,50.0,336.0,1,2,3,4,5,6,7
02.0,16.0,1929.0,17.0,18.0,54.0,145.0,3,1,2,4,5,6,7
30.0,09.0,05.0,43.0,36.0,203.0,0,2,1,4,5,6,7
29.0,06.0,1956.0,01.0,14.0,34.0,021.0,3,2,1,4,5,6,7
2059.0,11.0,11.0,12.0,22.0,47.0,372.0,1,2,3,4,5,6,7
09.0,21.0,2039.0,04.0,30.0,28.0,322.0,3,1,2,4,5,6,7
17.0,01.0,07.0,08.0,02.0,159.0,0,2,1,4,5,6,7
28.0,06.0,2018.0,22.0,48.0,09.0,661.0,3,2,1,4,5,6,7
1938.0,04.0,28.0,20.0,54.0,11.0,723.0,1,2,3,4,5,6,7
04.0,24.0,1942.0,21.0,50.0,35.0,674.0,3,1,2,4,5,6,7
04.0,10.0,17.0,14.0,29.0,337.0,0,2,1,4,5,6,7
20.0,03.0,1955.0,05.0,20.0,53.0,005.0,3,2,1,4,5,6,7
1980.0,04.0,17.0,02.0,44.0,01.0,908.0,1,2,3,4,5,6,7
07.0,01.0,1903.0,21.0,32.0,10.0,633.0,3,1,2,4,5,6,7
04.0,01.0,13.0,10.0,27.0,975.0,0,2,1,4,5,6,7
01.0,11.0,1989.0,19.0,26.0,00.0,966.0,3,2,1,4,5,6,7
2039.0,11.0,16.0,21.0,49.0,11.0,969.0,1,2,3,4,5,6,7
08.0,09.0,1921.0,05.0,04.0,21.0,458.0,3,1,2,4,5,6,7
29.0,05.0,01.0,41.0,27.0,783.0,0,2,1,4,5,6,7
21.0,09.0,2024.0,04.0,11.0,48.0,512.0,3,2,1,4,5,6,7
1991.0,09.0,19.0,06.0,31.0,12.0,978.0,1,2,3,4,5,6,7
02.0,02.0,2002.0,05.0,32.0,44.0,036.0,3,1,2,4,5,6,7
08.0,04.0,17.0,41.0,16.0,644.0,0,2,1,4,5,6,7
16.0,10.0,1931.0,20.0,29.0,42.0,026.0,3,2,1,4,5,6,7
2005.0,02.0,10.0,09.0,29.0,36.0,584.0,1,2,3,4,5,6,7
05.0,19.0,2027.0,12.0,16.0,50.0,493.0,3,1,2,4,5,6,7
13.0,04.0,21.0,14.0,21.0,289.0,0,2,1,4,5,6,7
01.0,02.0,2067.0,21.0,50.0,41.0,632.0,3,2,1,4,5,6,7
2053.0,10.0,07.0,11.0,46.0,08.0,973.0,1,2,3,4,5,6,7
11.0,25.0,2018.0,17.0,49.0,27.0,562.0,3,1,2,4,5,6,7
18.0,02.0,12.0,28.0,06.0,641.0,0,2,1,4,5,6,7
24.0,07.0,2050.0,16.0,16.0,06.0,892.0,3,2,1,4,5,6,7
2095.0,08.0,27.0,03.0,10.0,02.0,989.0,1,2,3,4,5,6,7
08.0,12.0,2033.0,12.0,22.0,11.0,530.0,3,1,2,4,5,6,7
20.0,05.0,14.0,18.0,06.0,494.0,0,2,1,4,5,6,7
14.0,02.0,1907.0,22.0,31.0,51.0,275.0,3,2,1,4,5,6,7
1994.0,04.0,01.0,21.0,21.0,01.0,910.0,1,2,3,4,5,6,7
05.0,18.0,1910.0,01.0,57.0,09.0,044.0,3,1,2,4,5,6,7
24.0,07.0,14.0,44.0,35.0,876.0,0,2,1,4,5,6,7
12.0,03.0,1905.0,14.0,50.0,48.0,897.0,3,2,1,4,5,6,7
2071.0,01.0,16.0,11.0,19.0,09.0,320.0,1,2,3,4,5,6,7
10.0,10.0,1919.0,01.0,37.0,32.0,983.0,3,1,2,4,5,6,7
19.0,04.0,18.0,07.0,34.0,994.0,0,2,1,4,5,6,7
25.0,11.0,2022.0,13.0,27.0,34.0,132.0,3,2,1,4,5,6,7
2096.0,09.0,16.0,19.0,05.0,39.0,824.0,1,2,3,4,5,6,7
09.0,28.0,1915.0,00.0,00.0,07.0,135.0,3,1,2,4,5,6,7
30.0,05.0,19.0,14.0,50.0,880.0,0,2,1,4,5,6,7
04.0,05.0,1961.0,21.0,46.0,28.0,807.0,3,2,1,4,5,6,7
2033.0,01.0,14.0,06.0,19.0,08.0,857.0,1,2,3,4,5,6,7
01.0,04.0,1964.0,03.0,51.0,28.0,412.0,3,1,2,4,5,6,7
24.0,11.0,01.0,28.0,21.0,990.0,0,2,1,4,5,6,7
17.0,02.0,2040.0,17.0,49.0,29.0,894.0,3,2,1,4,5,6,7
2000.0,01.0,21.0,16.0,25.0,56.0,710.0,1,2,3,4,5,6,7
05.0,20.0,1951.0,13.0,37.0,21.0,904.0,3,1,2,4,5,6,7
12.0,01.0,16.0,42.0,30.0,780.0,0,2,1,4,5,6,7
01.0,06.0,1979.0,19.0,40.0,53.0,767.0,3,2,1,4,5,6,7
1904.0,03.0,17.0,09.0,15.0,15.0,980.0,1,2,3,4,5,6,7
04.0,27.0,1991.0,11.0,33.0,25.0,163.0,3,1,2,4,5,6,7
10.0,07.0,02.0,51.0,08.0,982.0,0,2,1,4,5,6,7
14.0,04.0,2011.0,08.0,31.0,47.0,362.0,3,2,1,4,5,6,7
1982.0,10.0,02.0,19.0,42.0,33.0,041.0,1,2,3,4,5,6,7
02.0,12.0,1974.0,08.0,08.0,36.0,716.0,3,1,2,4,5,6,7
17.0,08.0,19.0,29.0,02.0,645.0,0,2,1,4,5,6,7
24.0,06.0,1986.0,20.0,35.0,01.0,797.0,3,2,1,4,5,6,7
1983.0,02.0,05.0,16.0,49.0,13.0,829.0,1,2,3,4,5,6,7
06.0,05.0,2052.0,19.0,19.0,37.0,969.0,3,1,2,4,5,6,7
07.0,09.0,00.0,49.0,00.0,239.0,0,2,1,4,5,6,7
09.0,02.0,1914.0,09.0,35.0,20.0,333.0,3,2,1,4,5,6,7
1932.0,10.0,05.0,09.0,14.0,09.0,160.0,1,2,3,4,5,6,7
08.0,23.0,1935.0,15.0,05.0,33.0,326.0,3,1,2,4,5,6,7
17.0,08.0,13.0,49.0,55.0,070.0,0,2,1,4,5,6,7
19.0,04.0,1996.0,07.0,14.0,53.0,847.0,3,2,1,4,5,6,7
1988.0,10.0,25.0,08.0,46.0,17.0,059.0,1,2,3,4,5,6,7
06.0,09.0,1921.0,21.0,16.0,09.0,584.0,3,1,2,4,5,6,7
18.0,02.0,09.0,25.0,35.0,008.0,0,2,1,4,5,6,7
08.0,04.0,1911.0,15.0,57.0,39.0,379.0,3,2,1,4,5,6,7
1989.0,01.0,11.0,04.0,33.0,17.0,072.0,1,2,3,4,5,6,7
09.0,13.0,1996.0,04.0,34.0,09.0,379.0,3,1,2,4,5,6,7
06.0,06.0,17.0,05.0,45.0,071.0,0,2,1,4,5,6,7
11.0,02.0,1935.0,09.0,43.0,52.0,650.0,3,2,1,4,5,6,7
2089.0,05.0,20.0,07.0,21.0,35.0,361.0,1,2,3,4,5,6,7
10.0,18.0,1963.0,13.0,26.0,00.0,764.0,3,1,2,4,5,6,7
01.0,04.0,12.0,37.0,13.0,699.0,0,2,1,4,5,6,7
10.0,08.0,1906.0,15.0,44.0,47.0,913.0,3,2,1,4,5,6,7
2056.0,03.0,21.0,09.0,34.0,36.0,421.0,1,2,3,4,5,6,7
02.0,07.0,1927.0,00.0,49.0,02.0,767.0,3,1,2,4,5,6,7
15.0,07.0,15.0,54.0,12.0,673.0,0,2,1,4,5,6,7
05.0,06.0,2041.0,03.0,11.0,42.0,901.0,3,2,1,4,5,6,7
2068.0,01.0,13.0,08.0,31.0,34.0,660.0,1,2,3,4,5,6,7
02.0,06.0,2057.0,05.0,27.0,21.0,166.0,3,1,2,4,5,6,7
21.0,07.0,10.0,25.0,08.0,503.0,0,2,1,4,5,6,7
10.0,04.0,2019.0,11.0,56.0,08.0,157.0,3,2,1,4,5,6,7
2059.0,06.0,30.0,00.0,39.0,32.0,692.0,1,2,3,4,5,6,7
01.0,16.0,2071.0,19.0,00.0,15.0,521.0,3,1,2,4,5,6,7
08.0,09.0,05.0,05.0,33.0,745.0,0,2,1,4,5,6,7
27.0,04.0,2075.0,20.0,23.0,20.0,490.0,3,2,1,4,5,6,7
2011.0,10.0,11.0,12.0,15.0,31.0,141.0,1,2,3,4,5,6,7
10.0,25.0,2051.0,19.0,49.0,27.0,973.0,3,1,2,4,5,6,7
08.0,01.0,12.0,06.0,31.0,179.0,0,2,1,4,5,6,7
29.0,06.0,2040.0,19.0,44.0,42.0,898.0,3,2,1,4,5,6,7
2068.0,07.0,15.0,13.0,39.0,09.0,924.0,1,2,3,4,5,6,7
11.0,07.0,2078.0,08.0,14.0,56.0,186.0,3,1,2,4,5,6,7
29.0,06.0,05.0,33.0,29.0,973.0,0,2,1,4,5,6,7
16.0,07.0,1942.0,02.0,20.0,35.0,810.0,3,2,1,4,5,6,7
1945.0,08.0,12.0,14.0,49.0,16.0,525.0,1,2,3,4,5,6,7
11.0,28.0,1900.0,14.0,43.0,47.0,321.0,3,1,2,4,5,6,7
15.0,09.0,12.0,19.0,16.0,974.0,0,2,1,4,5,6,7
07.0,04.0,1963.0,15.0,25.0,48.0,160.0,3,2,1,4,5,6,7
2041.0,06.0,25.0,22.0,30.0,55.0,459.0,1,2,3,4,5,6,7
05.0,24.0,2099.0,12.0,17.0,41.0,881.0,3,1,2,4,5,6,7
16.0,08.0,17.0,56.0,43.0,041.0,0,2,1,4,5,6,7
18.0,05.0,1937.0,04.0,34.0,57.0,389.0,3,2,1,4,5,6,7
1946.0,06.0,19.0,07.0,13.0,51.0,249.0,1,2,3,4,5,6,7
02.0,17.0,2092.0,17.0,05.0,17.0,838.0,3,1,2,4,5,6,7
15.0,10.0,17.0,42.0,10.0,902.0,0,2,1,4,5,6,7
08.0,01.0,1974.0,14.0,41.0,38.0,172.0,3,2,1,4,5,6,7
2018.0,04.0,28.0,15.0,51.0,56.0,523.0,1,2,3,4,5,6,7
03.0,12.0,1950.0,17.0,30.0,32.0,457.0,3,1,2,4,5,6,7
26.0,01.0,07.0,27.0,12.0,369.0,0,2,1,4,5,6,7
21.0,03.0,1918.0,20.0,22.0,13.0,348.0,3,2,1,4,5,6,7
2035.0,01.0,26.0,09.0,44.0,42.0,453.0,1,2,3,4,5,6,7
11.0,18.0,2001.0,17.0,19.0,06.0,861.0,3,1,2,4,5,6,7
04.0,01.0,17.0,41.0,24.0,850.0,0,2,1,4,5,6,7
30.0,06.0,2092.0,02.0,57.0,32.0,255.0,3,2,1,4,5,6,7
2018.0,01.0,11.0,17.0,06.0,17.0,672.0,1,2,3,4,5,6,7
07.0,19.0,2034.0,08.0,39.0,08.0,477.0,3,1,2,4,5,6,7
04.0,07.0,03.0,58.0,51.0,027.0,0,2,1,4,5,6,7
25.0,07.0,1931.0,18.0,10.0,35.0,443.0,3,2,1,4,5,6,7
2058.0,11.0,14.0,14.0,49.0,18.0,952.0,1,2,3,4,5,6,7
05.0,10.0,2070.0,05.0,12.0,54.0,155.0,3,1,2,4,5,6,7
13.0,10.0,19.0,39.0,11.0,247.0,0,2,1,4,5,6,7
11.0,08.0,1924.0,18.0,53.0,57.0,517.0,3,2,1,4,5,6,7
1969.0,10.0,07.0,21.0,16.0,53.0,387.0,1,2,3,4,5,6,7
07.0,22.0,2024.0,04.0,11.0,17.0,940.0,3,1,2,4,5,6,7
19.0,04.0,06.0,03.0,46.0,644.0,0,2,1,4,5,6,7
05.0,08.0,2078.0,08.0,15.0,44.0,690.0,3,2,1,4,5,6,7
1998.0,03.0,07.0,05.0,14.0,48.0,586.0,1,2,3,4,5,6,7
02.0,05.0,1972.0,22.0,25.0,46.0,188.0,3,1,2,4,5,6,7
11.0,07.0,08.0,09.0,11.0,254.0,0,2,1,4,5,6,7
10.0,08.0,2051.0,11.0,12.0,12.0,475.0,3,2,1,4,5,6,7
2024.0,08.0,04.0,02.0,10.0,11.0,345.0,1,2,3,4,5,6,7
01.0,14.0,1993.0,05.0,42.0,58.0,943.0,3,1,2,4,5,6,7
30.0,03.0,05.0,27.0,57.0,434.0,0,2,1,4,5,6,7
17.0,04.0,2062.0,10.0,50.0,40.0,830.0,3,2,1,4,5,6,7
2009.0,07.0,26.0,18.0,25.0,55.0,620.0,1,2,3,4,5,6,7
08.0,02.0,1939.0,06.0,02.0,09.0,295.0,3,1,2,4,5,6,7
25.0,03.0,14.0,15.0,56.0,696.0,0,2,1,4,5,6,7
14.0,04.0,2003.0,05.0,28.0,30.0,987.0,3,2,1,4,5,6,7
2090.0,04.0,17.0,20.0,33.0,10.0,167.0,1,2,3,4,5,6,7
03.0,13.0,1910.0,01.0,50.0,38.0,724.0,3,1,2,4,5,6,7
19.0,09.0,08.0,13.0,18.0,664.0,0,2,1,4,5,6,7
02.0,06.0,2085.0,00.0,49.0,28.0,137.0,3,2,1,4,5,6,7
1906.0,07.0,08.0,05.0,45.0,53.0,089.0,1,2,3,4,5,6,7
10.0,30.0,1921.0,20.0,47.0,36.0,275.0,3,1,2,4,5,6,7
20.0,02.0,17.0,24.0,33.0,233.0,0,2,1,4,5,6,7
30.0,07.0,2025.0,08.0,40.0,14.0,128.0,3,2,1,4,5,6,7
2037.0,08.0,07.0,05.0,00.0,49.0,667.0,1,2,3,4,5,6,7
04.0,02.0,2082.0,14.0,45.0,07.0,783.0,3,1,2,4,5,6,7
05.0,10.0,11.0,54.0,51.0,190.0,0,2,1,4,5,6,7
02.0,07.0,2056.0,09.0,20.0,21.0,329.0,3,2,1,4,5,6,7
1913.0,07.0,06.0,22.0,37.0,29.0,276.0,1,2,3,4,5,6,7
03.0,21.0,2053.0,05.0,06.0,11.0,264.0,3,1,2,4,5,6,7
20.0,03.0,13.0,39.0,08.0,458.0,0,2,1,4,5,6,7
25.0,07.0,1904.0,00.0,25.0,03.0,878.0,3,2,1,4,5,6,7
2086.0,05.0,11.0,10.0,00.0,50.0,893.0,1,2,3,4,5,6,7
07.0,15.0,1940.0,05.0,05.0,46.0,012.0,3,1,2,4,5,6,7
15.0,05.0,20.0,28.0,38.0,878.0,0,2,1,4,5,6,7
24.0,02.0,2064.0,13.0,57.0,33.0,568.0,3,2,1,4,5,6,7
2096.0,11.0,06.0,03.0,57.0,28.0,694.0,1,2,3,4,5,6,7
07.0,01.0,1998.0,07.0,00.0,27.0,925.0,3,1,2,4,5,6,7
09.0,08.0,20.0,44.0,44.0,922.0,0,2,1,4,5,6,7
12.0,06.0,1967.0,15.0,18.0,19.0,760.0,3,2,1,4,5,6,7
1970.0,11.0,26.0,22.0,28.0,18.0,483.0,1,2,3,4,5,6,7
04.0,22.0,2082.0,04.0,52.0,41.0,033.0,3,1,2,4,5,6,7
11.0,01.0,21.0,18.0,06.0,028.0,0,2,1,4,5,6,7
23.0,04.0,1982.0,20.0,37.0,56.0,828.0,3,2,1,4,5,6,7
1993.0,11.0,28.0,20.0,19.0,49.0,274.0,1,2,3,4,5,6,7
05.0,13.0,1952.0,03.0,26.0,00.0,292.0,3,1,2,4,5,6,7
23.0,03.0,12.0,30.0,26.0,296.0,0,2,1,4,5,6,7
27.0,03.0,1999.0,11.0,43.0,19.0,804.0,3,2,1,4,5,6,7
2059.0,04.0,02.0,04.0,38.0,41.0,145.0,1,2,3,4,5,6,7
06.0,29.0,2055.0,11.0,53.0,44.0,182.0,3,1,2,4,5,6,7
10.0,11.0,09.0,00.0,25.0,145.0,0,2,1,4,5,6,7
10.0,03.0,2065.0,05.0,50.0,21.0,111.0,3,2,1,4,5,6,7
1961.0,10.0,30.0,17.0,56.0,33.0,632.0,1,2,3,4,5,6,7
04.0,19.0,1957.0,05.0,51.0,29.0,820.0,3,1,2,4,5,6,7
20.0,06.0,00.0,49.0,50.0,145.0,0,2,1,4,5,6,7
07.0,03.0,1908.0,04.0,14.0,45.0,460.0,3,2,1,4,5,6,7
1933.0,10.0,07.0,06.0,45.0,15.0,267.0,1,2,3,4,5,6,7
07.0,05.0,2071.0,13.0,27.0,55.0,833.0,3,1,2,4,5,6,7
20.0,09.0,15.0,12.0,08.0,648.0,0,2,1,4,5,6,7
25.0,10.0,2084.0,08.0,30.0,10.0,286.0,3,2,1,4,5,6,7
2048.0,01.0,09.0,12.0,13.0,09.0,604.0,1,2,3,4,5,6,7
08.0,24.0,2027.0,02.0,43.0,44.0,465.0,3,1,2,4,5,6,7
13.0,03.0,08.0,47.0,39.0,038.0,0,2,1,4,5,6,7
03.0,06.0,1979.0,12.0,01.0,52.0,357.0,3,2,1,4,5,6,7
1909.0,11.0,07.0,02.0,33.0,52.0,967.0,1,2,3,4,5,6,7
09.0,07.0,2084.0,11.0,25.0,44.0,000.0,3,1,2,4,5,6,7
27.0,08.0,11.0,18.0,29.0,373.0,0,2,1,4,5,6,7
29.0,05.0,1987.0,09.0,55.0,38.0,537.0,3,2,1,4,5,6,7
2017.0,06.0,03.0,09.0,27.0,50.0,441.0,1,2,3,4,5,6,7
10.0,03.0,2035.0,11.0,34.0,36.0,857.0,3,1,2,4,5,6,7
11.0,03.0,20.0,55.0,19.0,966.0,0,2,1,4,5,6,7
19.0,11.0,2043.0,21.0,20.0,02.0,010.0,3,2,1,4,5,6,7
2092.0,09.0,03.0,06.0,06.0,40.0,104.0,1,2,3,4,5,6,7
03.0,02.0,2079.0,18.0,23.0,53.0,410.0,3,1,2,4,5,6,7
17.0,06.0,01.0,56.0,05.0,959.0,0,2,1,4,5,6,7
18.0,04.0,1913.0,03.0,03.0,43.0,683.0,3,2,1,4,5,6,7
2032.0,02.0,24.0,07.0,54.0,22.0,329.0,1,2,3,4,5,6,7
03.0,30.0,1943.0,13.0,35.0,18.0,886.0,3,1,2,4,5,6,7
18.0,08.0,05.0,39.0,23.0,286.0,0,2,1,4,5,6,7
22.0,11.0,1911.0,18.0,03.0,30.0,878.0,3,2,1,4,5,6,7
1968.0,10.0,26.0,05.0,27.0,05.0,037.0,1,2,3,4,5,6,7
09.0,10.0,1917.0,02.0,47.0,50.0,492.0,3,1,2,4,5,6,7
12.0,10.0,16.0,47.0,09.0,476.0,0,2,1,4,5,6,7
17.0,11.0,2049.0,08.0,58.0,40.0,879.0,3,2,1,4,5,6,7
1922.0,11.0,20.0,00.0,41.0,32.0,154.0,1,2,3,4,5,6,7
11.0,19.0,2051.0,06.0,04.0,33.0,262.0,3,1,2,4,5,6,7
19.0,01.0,17.0,21.0,21.0,677.0,0,2,1,4,5,6,7
05.0,04.0,2090.0,09.0,03.0,05.0,390.0,3,2,1,4,5,6,7
2006.0,06.0,26.0,15.0,24.0,21.0,176.0,1,2,3,4,5,6,7
06.0,14.0,2097.0,14.0,41.0,14.0,968.0,3,1,2,4,5,6,7
23.0,04.0,10.0,45.0,47.0,879.0,0,2,1,4,5,6,7
19.0,10.0,2065.0,04.0,19.0,40.0,435.0,3,2,1,4,5,6,7
2044.0,04.0,01.0,18.0,35.0,19.0,650.0,1,2,3,4,5,6,7
09.0,22.0,1930.0,22.0,04.0,57.0,873.0,3,1,2,4,5,6,7
06.0,05.0,14.0,32.0,10.0,810.0,0,2,1,4,5,6,7
23.0,06.0,2032.0,09.0,56.0,29.0,817.0,3,2,1,4,5,6,7
1972.0,10.0,10.0,22.0,10.0,22.0,594.0,1,2,3,4,5,6,7
08.0,12.0,2063.0,15.0,32.0,42.0,986.0,3,1,2,4,5,6,7
25.0,02.0,20.0,47.0,01.0,147.0,0,2,1,4,5,6,7
24.0,06.0,1914.0,17.0,46.0,06.0,775.0,3,2,1,4,5,6,7
1958.0,06.0,14.0,15.0,11.0,55.0,366.0,1,2,3,4,5,6,7
03.0,09.0,2016.0,05.0,02.0,04.0,996.0,3,1,2,4,5,6,7
18.0,11.0,01.0,22.0,40.0,728.0,0,2,1,4,5,6,7
05.0,06.0,2040.0,12.0,52.0,46.0,127.0,3,2,1,4,5,6,7
1952.0,07.0,19.0,01.0,47.0,24.0,251.0,1,2,3,4,5,6,7
06.0,05.0,1922.0,01.0,53.0,06.0,997.0,3,1,2,4,5,6,7
20.0,05.0,08.0,48.0,22.0,201.0,0,2,1,4,5,6,7
29.0,09.0,2024.0,21.0,11.0,13.0,781.0,3,2,1,4,5,6,7
2026.0,04.0,20.0,03.0,00.0,05.0,094.0,1,2,3,4,5,6,7
01.0,02.0,2042.0,19.0,19.0,16.0,693.0,3,1,2,4,5,6,7
22.0,10.0,00.0,06.0,21.0,137.0,0,2,1,4,5,6,7
19.0,03.0,1971.0,01.0,15.0,19.0,194.0,3,2,1,4,5,6,7
2060.0,09.0,10.0,06.0,36.0,23.0,612.0,1,2,3,4,5,6,7
01.0,25.0,1905.0,02.0,09.0,49.0,801.0,3,1,2,4,5,6,7
13.0,07.0,15.0,33.0,31.0,945.0,0,2,1,4,5,6,7
09.0,06.0,1975.0,11.0,55.0,31.0,025.0,3,2,1,4,5,6,7
2069.0,06.0,29.0,07.0,03.0,39.0,675.0,1,2,3,4,5,6,7
11.0,02.0,1965.0,17.0,04.0,37.0,943.0,3,1,2,4,5,6,7
16.0,07.0,08.0,22.0,37.0,097.0,0,2,1,4,5,6,7
12.0,11.0,1975.0,15.0,12.0,00.0,991.0,3,2,1,4,5,6,7
1934.0,03.0,01.0,02.0,02.0,21.0,676.0,1,2,3,4,5,6,7
06.0,05.0,1938.0,10.0,43.0,49.0,477.0,3,1,2,4,5,6,7
16.0,08.0,09.0,20.0,58.0,032.0,0,2,1,4,5,6,7
23.0,11.0,2003.0,00.0,16.0,05.0,648.0,3,2,1,4,5,6,7
2070.0,06.0,27.0,07.0,22.0,07.0,342.0,1,2,3,4,5,6,7
04.0,03.0,2084.0,15.0,29.0,52.0,333.0,3,1,2,4,5,6,7
09.0,01.0,02.0,36.0,14.0,829.0,0,2,1,4,5,6,7
27.0,02.0,2096.0,02.0,32.0,28.0,656.0,3,2,1,4,5,6,7
1916.0,08.0,12.0,09.0,35.0,34.0,738.0,1,2,3,4,5,6,7
11.0,24.0,1943.0,19.0,06.0,43.0,106.0,3,1,2,4,5,6,7
21.0,08.0,14.0,47.0,03.0,202.0,0,2,1,4,5,6,7
29.0,10.0,2087.0,12.0,17.0,09.0,882.0,3,2,1,4,5,6,7
1970.0,05.0,04.0,01.0,27.0,46.0,010.0,1,2,3,4,5,6,7
08.0,02.0,2099.0,13.0,40.0,31.0,382.0,3,1,2,4,5,6,7
13.0,11.0,05.0,32.0,33.0,605.0,0,2,1,4,5,6,7
18.0,05.0,2074.0,03.0,51.0,04.0,540.0,3,2,1,4,5,6,7
2081.0,07.0,23.0,00.0,55.0,21.0,373.0,1,2,3,4,5,6,7
11.0,24.0,1949.0,19.0,42.0,47.0,511.0,3,1,2,4,5,6,7
02.0,03.0,13.0,34.0,22.0,289.0,0,2,1,4,5,6,7
01.0,08.0,2098.0,20.0,02.0,29.0,483.0,3,2,1,4,5,6,7
2042.0,02.0,21.0,13.0,26.0,29.0,177.0,1,2,3,4,5,6,7
09.0,24.0,1900.0,04.0,42.0,44.0,798.0,3,1,2,4,5,6,7
21.0,02.0,03.0,04.0,57.0,957.0,0,2,1,4,5,6,7
25.0,03.0,2092.0,20.0,02.0,24.0,637.0,3,2,1,4,5,6,7
1948.0,06.0,24.0,14.0,05.0,30.0,474.0,1,2,3,4,5,6,7
09.0,12.0,1932.0,18.0,54.0,48.0,433.0,3,1,2,4,5,6,7
27.0,04.0,03.0,04.0,55.0,245.0,0,2,1,4,5,6,7
11.0,11.0,2053.0,14.0,36.0,54.0,557.0,3,2,1,4,5,6,7
1999.0,05.0,13.0,11.0,33.0,26.0,335.0,1,2,3,4,5,6,7
06.0,30.0,1947.0,11.0,19.0,21.0,249.0,3,1,2,4,5,6,7
07.0,03.0,16.0,35.0,23.0,667.0,0,2,1,4,5,6,7
18.0,03.0,2087.0,02.0,58.0,42.0,011.0,3,2,1,4,5,6,7
1921.0,06.0,20.0,14.0,30.0,00.0,339.0,1,2,3,4,5,6,7
05.0,24.0,1948.0,17.0,56.0,14.0,848.0,3,1,2,4,5,6,7
06.0,07.0,08.0,54.0,21.0,775.0,0,2,1,4,5,6,7
04.0,06.0,2039.0,17.0,57.0,45.0,561.0,3,2,1,4,5,6,7
2006.0,09.0,23.0,21.0,20.0,02.0,066.0,1,2,3,4,5,6,7
01.0,05.0,1930.0,00.0,31.0,12.0,456.0,3,1,2,4,5,6,7
28.0,04.0,09.0,44.0,51.0,262.0,0,2,1,4,5,6,7
1991.0,07.0,18.0,12.0,22.0,15.0,120.0,1,2,3,4,5,6,7
09.0,08.0,2006.0,09.0,58.0,00.0,356.0,3,1,2,4,5,6,7
26.0,06.0,11.0,46.0,41.0,436.0,0,2,1,4,5,6,7
07.0,02.0,1972.0,06.0,39.0,46.0,452.0,3,2,1,4,5,6,7
2050.0,07.0,20.0,21.0,24.0,23.0,225.0,1,2,3,4,5,6,7
09.0,15.0,2049.0,16.0,10.0,43.0,678.0,3,1,2,4,5,6,7
11.0,11.0,03.0,09.0,39.0,992.0,0,2,1,4,5,6,7
04.0,04.0,1999.0,18.0,29.0,19.0,061.0,3,2,1,4,5,6,7
2051.0,08.0,05.0,21.0,18.0,13.0,154.0,1,2,3,4,5,6,7
02.0,17.0,1922.0,11.0,46.0,00.0,837.0,3,1,2,4,5,6,7
24.0,04.0,02.0,42.0,10.0,302.0,0,2,1,4,5,6,7
02.0,11.0,2046.0,22.0,52.0,16.0,267.0,3,2,1,4,5,6,7
1967.0,01.0,06.0,22.0,48.0,28.0,865.0,1,2,3,4,5,6,7
04.0,27.0,1937.0,07.0,05.0,26.0,907.0,3,1,2,4,5,6,7
04.0,11.0,17.0,31.0,20.0,508.0,0,2,1,4,5,6,7
25.0,05.0,1907.0,09.0,47.0,36.0,420.0,3,2,1,4,5,6,7
2057.0,06.0,06.0,02.0,35.0,00.0,967.0,1,2,3,4,5,6,7
01.0,18.0,1901.0,18.0,13.0,00.0,824.0,3,1,2,4,5,6,7
05.0,03.0,04.0,01.0,29.0,524.0,0,2,1,4,5,6,7
28.0,05.0,1933.0,18.0,36.0,32.0,613.0,3,2,1,4,5,6,7
2044.0,08.0,27.0,14.0,29.0,07.0,831.0,1,2,3,4,5,6,7
09.0,30.0,2043.0,02.0,10.0,37.0,332.0,3,1,2,4,5,6,7
05.0,10.0,20.0,18.0,36.0,716.0,0,2,1,4,5,6,7
14.0,10.0,1968.0,19.0,57.0,48.0,854.0,3,2,1,4,5,6,7
2085.0,01.0,23.0,05.0,20.0,48.0,987.0,1,2,3,4,5,6,7
09.0,05.0,2010.0,17.0,50.0,26.0,270.0,3,1,2,4,5,6,7
21.0,06.0,05.0,24.0,51.0,402.0,0,2,1,4,5,6,7
13.0,06.0,2094.0,19.0,29.0,14.0,844.0,3,2,1,4,5,6,7
2018.0,05.0,30.0,14.0,06.0,31.0,160.0,1,2,3,4,5,6,7
05.0,09.0,1996.0,07.0,01.0,44.0,897.0,3,1,2,4,5,6,7
12.0,07.0,17.0,39.0,12.0,527.0,0,2,1,4,5,6,7
29.0,06.0,2098.0,16.0,31.0,19.0,776.0,3,2,1,4,5,6,7
2014.0,09.0,05.0,18.0,17.0,31.0,244.0,1,2,3,4,5,6,7
10.0,23.0,1961.0,07.0,25.0,37.0,659.0,3,1,2,4,5,6,7
26.0,02.0,13.0,01.0,40.0,815.0,0,2,1,4,5,6,7
29.0,05.0,1964.0,02.0,58.0,43.0,906.0,3,2,1,4,5,6,7
2080.0,03.0,07.0,09.0,16.0,49.0,721.0,1,2,3,4,5,6,7
09.0,04.0,2084.0,00.0,35.0,49.0,015.0,3,1,2,4,5,6,7
16.0,10.0,09.0,34.0,47.0,481.0,0,2,1,4,5,6,7
18.0,01.0,2037.0,09.0,11.0,47.0,995.0,3,2,1,4,5,6,7
1991.0,02.0,22.0,11.0,14.0,00.0,606.0,1,2,3,4,5,6,7
05.0,26.0,2091.0,15.0,47.0,10.0,654.0,3,1,2,4,5,6,7
02.0,11.0,18.0,20.0,24.0,087.0,0,2,1,4,5,6,7
21.0,10.0,2070.0,02.0,49.0,53.0,122.0,3,2,1,4,5,6,7
2005.0,08.0,01.0,02.0,14.0,01.0,734.0,1,2,3,4,5,6,7
11.0,26.0,2051.0,02.0,06.0,19.0,757.0,3,1,2,4,5,6,7
12.0,05.0,11.0,15.0,48.0,458.0,0,2,1,4,5,6,7
25.0,01.0,2063.0,00.0,41.0,04.0,753.0,3,2,1,4,5,6,7
1901.0,09.0,16.0,22.0,13.0,03.0,321.0,1,2,3,4,5,6,7
01.0,17.0,2041.0,02.0,41.0,29.0,713.0,3,1,2,4,5,6,7
16.0,02.0,01.0,26.0,28.0,665.0,0,2,1,4,5,6,7
23.0,11.0,1938.0,22.0,44.0,00.0,415.0,3,2,1,4,5,6,7
1931.0,08.0,20.0,19.0,14.0,58.0,094.0,1,2,3,4,5,6,7
11.0,27.0,2064.0,05.0,03.0,01.0,075.0,3,1,2,4,5,6,7
10.0,02.0,08.0,10.0,46.0,959.0,0,2,1,4,5,6,7
04.0,05.0,1938.0,03.0,00.0,19.0,815.0,3,2,1,4,5,6,7
1909.0,10.0,20.0,19.0,57.0,41.0,903.0,1,2,3,4,5,6,7
09.0,20.0,1925.0,05.0,25.0,55.0,381.0,3,1,2,4,5,6,7
12.0,09.0,21.0,42.0,53.0,185.0,0,2,1,4,5,6,7
15.0,10.0,1951.0,13.0,08.0,18.0,715.0,3,2,1,4,5,6,7
1989.0,07.0,03.0,01.0,04.0,50.0,657.0,1,2,3,4,5,6,7
07.0,23.0,1935.0,01.0,23.0,49.0,889.0,3,1,2,4,5,6,7
22.0,03.0,01.0,17.0,20.0,672.0,0,2,1,4,5,6,7
21.0,10.0,1966.0,21.0,20.0,47.0,457.0,3,2,1,4,5,6,7
1979.0,08.0,05.0,05.0,12.0,56.0,664.0,1,2,3,4,5,6,7
03.0,19.0,2001.0,17.0,20.0,48.0,182.0,3,1,2,4,5,6,7
22.0,04.0,04.0,12.0,58.0,780.0,0,2,1,4,5,6,7
08.0,01.0,1930.0,05.0,01.0,43.0,568.0,3,2,1,4,5,6,7
