1915,02,08,13,18,45,699,1,2,3,4,5,6,7
04,23,1965,11,40,37,196,3,1,2,4,5,6,7
22,03,11,47,48,001,0,2,1,4,5,6,7
15,08,1986,04,22,51,294,3,2,1,4,5,6,7
2042,10,13,10,45,37,300,1,2,3,4,5,6,7
05,13,1921,03,58,03,442,3,1,2,4,5,6,7
15,07,03,43,46,483,0,2,1,4,5,6,7
10,01,1932,07,48,54,339,3,2,1,4,5,6,7
1927,08,28,15,09,09,712,1,2,3,4,5,6,7
10,03,2067,01,09,52,147,3,1,2,4,5,6,7
17,11,16,02,20,360,0,2,1,4,5,6,7
05,10,2039,04,16,11,835,3,2,1,4,5,6,7
2043,08,29,09,31,45,903,1,2,3,4,5,6,7
01,23,2061,11,31,39,168,3,1,2,4,5,6,7
30,08,16,29,48,861,0,2,1,4,5,6,7
11,07,2037,10,42,37,039,3,2,1,4,5,6,7
2076,07,05,00,55,39,986,1,2,3,4,5,6,7
04,26,1946,21,27,08,749,3,1,2,4,5,6,7
01,11,18,43,25,006,0,2,1,4,5,6,7
24,01,2011,07,52,34,541,3,2,1,4,5,6,7
1981,03,19,07,02,41,764,1,2,3,4,5,6,7
02,04,1944,08,20,18,391,3,1,2,4,5,6,7
17,09,00,53,36,866,0,2,1,4,5,6,7
29,01,2046,12,03,20,164,3,2,1,4,5,6,7
2003,06,01,20,55,29,207,1,2,3,4,5,6,7
07,09,2063,07,14,17,910,3,1,2,4,5,6,7
24,02,03,21,54,584,0,2,1,4,5,6,7
08,09,2039,02,03,07,383,3,2,1,4,5,6,7
1904,03,17,14,36,13,024,1,2,3,4,5,6,7
09,13,2031,08,10,26,883,3,1,2,4,5,6,7
03,04,16,26,21,338,0,2,1,4,5,6,7
22,11,2045,11,39,03,923,3,2,1,4,5,6,7
2029,04,08,13,20,10,598,1,2,3,4,5,6,7
06,14,2036,19,50,25,034,3,1,2,4,5,6,7
08,02,21,37,24,777,0,2,1,4,5,6,7
18,05,1977,00,01,30,577,3,2,1,4,5,6,7
1947,08,13,22,31,53,405,1,2,3,4,5,6,7
05,06,1902,03,29,22,668,3,1,2,4,5,6,7
09,05,11,44,45,108,0,2,1,4,5,6,7
15,04,2032,06,22,53,116,3,2,1,4,5,6,7
1984,10,20,10,21,00,709,1,2,3,4,5,6,7
06,24,1966,05,36,57,720,3,1,2,4,5,6,7
19,03,08,39,37,933,0,2,1,4,5,6,7
15,05,1970,15,33,39,582,3,2,1,4,5,6,7
1905,07,29,04,18,43,761,1,2,3,4,5,6,7
01,29,2029,12,22,08,548,3,1,2,4,5,6,7
15,05,18,10,46,129,0,2,1,4,5,6,7
03,03,2059,15,39,50,191,3,2,1,4,5,6,7
1980,11,18,14,27,19,955,1,2,3,4,5,6,7
06,30,2076,13,29,16,160,3,1,2,4,5,6,7
05,09,17,11,47,574,0,2,1,4,5,6,7
09,09,1960,09,18,22,514,3,2,1,4,5,6,7
2020,11,22,05,39,23,377,1,2,3,4,5,6,7
08,12,1901,02,16,19,180,3,1,2,4,5,6,7
22,09,20,16,54,264,0,2,1,4,5,6,7
29,01,2014,17,14,37,607,3,2,1,4,5,6,7
1977,11,25,14,20,36,995,1,2,3,4,5,6,7
07,28,1975,08,09,31,480,3,1,2,4,5,6,7
17,01,18,44,52,423,0,2,1,4,5,6,7
22,01,1972,19,43,53,308,3,2,1,4,5,6,7
2047,03,13,16,42,38,262,1,2,3,4,5,6,7
05,01,2079,19,30,49,068,3,1,2,4,5,6,7
26,08,09,33,14,539,0,2,1,4,5,6,7
19,10,1926,08,58,15,926,3,2,1,4,5,6,7
2040,10,23,22,24,55,299,1,2,3,4,5,6,7
07,20,1940,10,22,50,540,3,1,2,4,5,6,7
24,07,06,24,11,875,0,2,1,4,5,6,7
11,02,2062,03,15,03,181,3,2,1,4,5,6,7
1944,05,08,06,22,04,892,1,2,3,4,5,6,7
04,29,1966,11,08,23,100,3,1,2,4,5,6,7
29,07,19,43,30,874,0,2,1,4,5,6,7
11,09,1901,17,14,29,351,3,2,1,4,5,6,7
2045,01,01,12,43,31,501,1,2,3,4,5,6,7
03,17,2051,02,33,02,936,3,1,2,4,5,6,7
18,10,12,16,38,073,0,2,1,4,5,6,7
01,03,2081,04,55,52,218,3,2,1,4,5,6,7
1941,06,18,13,10,21,131,1,2,3,4,5,6,7
06,19,1968,05,22,45,517,3,1,2,4,5,6,7
04,11,01,28,57,593,0,2,1,4,5,6,7
13,05,2062,00,21,57,628,3,2,1,4,5,6,7
2027,05,17,15,37,24,387,1,2,3,4,5,6,7
08,05,2052,03,38,07,210,3,1,2,4,5,6,7
04,10,06,53,39,981,0,2,1,4,5,6,7
12,07,2055,19,22,26,139,3,2,1,4,5,6,7
2030,09,12,15,42,00,311,1,2,3,4,5,6,7
03,04,1943,06,31,30,439,3,1,2,4,5,6,7
15,06,10,17,45,241,0,2,1,4,5,6,7
04,07,1920,15,08,44,517,3,2,1,4,5,6,7
2022,11,07,05,40,04,608,1,2,3,4,5,6,7
03,02,2070,08,32,45,538,3,1,2,4,5,6,7
01,05,04,27,25,140,0,2,1,4,5,6,7
23,02,2002,17,49,49,586,3,2,1,4,5,6,7
1940,02,12,06,22,52,677,1,2,3,4,5,6,7
05,20,2093,18,28,53,321,3,1,2,4,5,6,7
29,08,22,01,15,498,0,2,1,4,5,6,7
22,01,2028,22,20,41,268,3,2,1,4,5,6,7
1914,01,04,06,30,07,487,1,2,3,4,5,6,7
05,07,1990,20,12,17,365,3,1,2,4,5,6,7
15,11,22,09,11,998,0,2,1,4,5,6,7
11,08,1917,12,53,37,463,3,2,1,4,5,6,7
1931,09,30,21,22,06,684,1,2,3,4,5,6,7
09,07,1913,05,56,26,975,3,1,2,4,5,6,7
27,06,04,02,22,215,0,2,1,4,5,6,7
27,04,2060,15,39,00,796,3,2,1,4,5,6,7
2017,03,02,15,44,07,486,1,2,3,4,5,6,7
01,16,2093,02,43,46,784,3,1,2,4,5,6,7
11,02,17,10,40,977,0,2,1,4,5,6,7
25,08,2027,19,00,39,175,3,2,1,4,5,6,7
1981,02,18,02,04,11,862,1,2,3,4,5,6,7
10,27,2054,18,06,02,040,3,1,2,4,5,6,7
19,10,10,14,47,871,0,2,1,4,5,6,7
16,07,2068,21,42,26,493,3,2,1,4,5,6,7
2020,08,13,03,05,49,206,1,2,3,4,5,6,7
09,27,2060,15,13,27,624,3,1,2,4,5,6,7
26,11,01,27,50,701,0,2,1,4,5,6,7
30,08,1952,06,39,22,819,3,2,1,4,5,6,7
1984,11,01,05,01,26,221,1,2,3,4,5,6,7
09,11,1995,00,19,43,018,3,1,2,4,5,6,7
25,05,19,26,54,975,0,2,1,4,5,6,7
21,11,1937,22,43,32,873,3,2,1,4,5,6,7
1917,01,30,18,12,06,011,1,2,3,4,5,6,7
03,13,2065,06,07,20,528,3,1,2,4,5,6,7
05,02,02,41,27,022,0,2,1,4,5,6,7
25,07,1985,15,14,24,639,3,2,1,4,5,6,7
2051,04,11,10,20,09,430,1,2,3,4,5,6,7
10,01,1902,03,02,25,259,3,1,2,4,5,6,7
18,10,16,37,36,207,0,2,1,4,5,6,7
06,05,1920,08,30,29,490,3,2,1,4,5,6,7
2047,04,08,01,06,37,616,1,2,3,4,5,6,7
08,29,1941,02,28,04,512,3,1,2,4,5,6,7
19,11,10,42,24,778,0,2,1,4,5,6,7
25,03,2003,08,42,06,327,3,2,1,4,5,6,7
2023,08,20,20,22,44,216,1,2,3,4,5,6,7
11,11,2058,07,07,19,533,3,1,2,4,5,6,7
18,01,13,10,10,322,0,2,1,4,5,6,7
10,02,1960,01,18,32,814,3,2,1,4,5,6,7
1981,07,24,21,02,36,248,1,2,3,4,5,6,7
11,02,2045,00,15,07,762,3,1,2,4,5,6,7
28,09,18,48,33,422,0,2,1,4,5,6,7
07,05,1941,13,34,06,967,3,2,1,4,5,6,7
1977,05,04,21,36,12,740,1,2,3,4,5,6,7
11,12,1939,05,12,46,058,3,1,2,4,5,6,7
18,05,21,10,20,115,0,2,1,4,5,6,7
06,03,1974,12,02,21,018,3,2,1,4,5,6,7
2059,07,12,08,06,56,216,1,2,3,4,5,6,7
07,10,1917,17,39,50,672,3,1,2,4,5,6,7
08,10,18,54,43,949,0,2,1,4,5,6,7
25,01,2045,03,01,15,705,3,2,1,4,5,6,7
1962,05,24,18,24,31,899,1,2,3,4,5,6,7
01,22,2032,06,43,50,107,3,1,2,4,5,6,7
18,06,19,21,51,972,0,2,1,4,5,6,7
11,07,1921,06,45,22,859,3,2,1,4,5,6,7
2033,11,03,14,12,24,000,1,2,3,4,5,6,7
04,15,2052,01,57,16,377,3,1,2,4,5,6,7
20,05,16,40,51,774,0,2,1,4,5,6,7
18,08,1918,02,51,25,455,3,2,1,4,5,6,7
2023,01,23,00,02,39,781,1,2,3,4,5,6,7
03,16,1961,02,53,40,597,3,1,2,4,5,6,7
12,08,09,14,14,797,0,2,1,4,5,6,7
30,09,1911,01,31,12,093,3,2,1,4,5,6,7
1908,01,11,02,56,08,195,1,2,3,4,5,6,7
03,29,1975,16,29,22,290,3,1,2,4,5,6,7
16,03,22,34,39,466,0,2,1,4,5,6,7
24,03,2080,04,01,57,200,3,2,1,4,5,6,7
2047,01,10,16,01,28,748,1,2,3,4,5,6,7
03,23,1918,17,33,36,258,3,1,2,4,5,6,7
20,08,05,18,30,352,0,2,1,4,5,6,7
10,05,2096,11,54,45,128,3,2,1,4,5,6,7
1943,04,01,03,37,11,918,1,2,3,4,5,6,7
02,11,2045,19,44,23,387,3,1,2,4,5,6,7
22,11,05,01,15,508,0,2,1,4,5,6,7
18,11,1971,18,19,53,720,3,2,1,4,5,6,7
2018,02,04,09,43,38,878,1,2,3,4,5,6,7
05,15,2063,16,53,38,288,3,1,2,4,5,6,7
28,08,01,51,20,287,0,2,1,4,5,6,7
30,06,2090,07,48,23,836,3,2,1,4,5,6,7
2002,10,17,14,25,05,517,1,2,3,4,5,6,7
11,12,2081,21,42,12,253,3,1,2,4,5,6,7
18,01,05,43,36,490,0,2,1,4,5,6,7
25,01,2003,01,13,16,802,3,2,1,4,5,6,7
2077,01,19,18,54,26,720,1,2,3,4,5,6,7
05,13,2000,15,24,26,602,3,1,2,4,5,6,7
06,03,08,30,39,405,0,2,1,4,5,6,7
08,08,1954,17,28,18,737,3,2,1,4,5,6,7
1912,06,06,12,23,38,686,1,2,3,4,5,6,7
06,09,1924,13,46,09,135,3,1,2,4,5,6,7
13,11,21,03,40,389,0,2,1,4,5,6,7
10,09,2091,14,25,51,245,3,2,1,4,5,6,7
1902,03,18,05,21,52,600,1,2,3,4,5,6,7
11,04,2082,21,15,23,069,3,1,2,4,5,6,7
08,08,03,03,30,941,0,2,1,4,5,6,7
18,04,2008,01,34,23,981,3,2,1,4,5,6,7
1924,02,20,09,06,22,328,1,2,3,4,5,6,7
06,14,1937,16,58,35,520,3,1,2,4,5,6,7
19,07,13,54,38,853,0,2,1,4,5,6,7
29,05,1972,13,34,32,246,3,2,1,4,5,6,7
2094,08,23,06,02,38,943,1,2,3,4,5,6,7
04,21,1957,11,36,00,357,3,1,2,4,5,6,7
02,03,19,08,12,891,0,2,1,4,5,6,7
21,04,1986,07,12,36,823,3,2,1,4,5,6,7
2039,10,16,00,36,22,769,1,2,3,4,5,6,7
09,28,2059,00,34,01,965,3,1,2,4,5,6,7
23,10,21,40,46,652,0,2,1,4,5,6,7
06,02,2049,14,46,51,958,3,2,1,4,5,6,7
1984,11,09,11,31,53,344,1,2,3,4,5,6,7
06,26,2005,08,53,50,272,3,1,2,4,5,6,7
03,10,01,17,32,681,0,2,1,4,5,6,7
14,05,1918,09,39,56,543,3,2,1,4,5,6,7
1984,01,16,04,25,30,168,1,2,3,4,5,6,7
10,12,1907,14,43,44,223,3,1,2,4,5,6,7
08,11,08,49,24,691,0,2,1,4,5,6,7
02,02,1956,10,03,31,301,3,2,1,4,5,6,7
2045,04,08,02,08,33,339,1,2,3,4,5,6,7
10,16,1980,21,24,58,707,3,1,2,4,5,6,7
14,10,18,04,03,701,0,2,1,4,5,6,7
30,06,1941,11,34,43,979,3,2,1,4,5,6,7
2097,06,16,07,38,05,222,1,2,3,4,5,6,7
08,23,2046,08,15,25,870,3,1,2,4,5,6,7
22,04,00,35,39,267,0,2,1,4,5,6,7
11,07,2085,13,31,01,350,3,2,1,4,5,6,7
2029,04,01,11,35,10,125,1,2,3,4,5,6,7
07,17,2014,20,49,15,598,3,1,2,4,5,6,7
17,11,10,09,10,499,0,2,1,4,5,6,7
24,09,1917,02,00,27,145,3,2,1,4,5,6,7
2028,07,16,05,08,39,509,1,2,3,4,5,6,7
03,23,2023,06,36,46,986,3,1,2,4,5,6,7
21,07,11,48,19,460,0,2,1,4,5,6,7
04,05,1979,18,46,30,838,3,2,1,4,5,6,7
1911,04,04,10,50,54,686,1,2,3,4,5,6,7
03,06,1981,06,07,57,500,3,1,2,4,5,6,7
15,05,01,57,00,666,0,2,1,4,5,6,7
30,06,1983,22,02,30,599,3,2,1,4,5,6,7
1990,06,13,21,52,27,075,1,2,3,4,5,6,7
02,14,1984,17,26,17,609,3,1,2,4,5,6,7
08,06,21,30,18,830,0,2,1,4,5,6,7
13,06,1923,02,29,39,628,3,2,1,4,5,6,7
2057,01,04,20,19,42,047,1,2,3,4,5,6,7
01,03,2090,05,24,08,674,3,1,2,4,5,6,7
03,03,15,17,12,700,0,2,1,4,5,6,7
24,04,1988,15,31,38,511,3,2,1,4,5,6,7
1981,04,03,05,34,30,104,1,2,3,4,5,6,7
10,11,1964,21,19,04,973,3,1,2,4,5,6,7
16,01,18,06,42,830,0,2,1,4,5,6,7
17,04,1941,11,32,09,187,3,2,1,4,5,6,7
2007,05,22,21,58,28,635,1,2,3,4,5,6,7
06,16,2010,05,27,58,803,3,1,2,4,5,6,7
21,01,14,13,49,377,0,2,1,4,5,6,7
02,10,2054,20,41,57,635,3,2,1,4,5,6,7
2011,11,24,11,55,34,776,1,2,3,4,5,6,7
04,03,1982,12,46,46,803,3,1,2,4,5,6,7
09,05,18,15,03,584,0,2,1,4,5,6,7
28,08,2032,01,01,57,399,3,2,1,4,5,6,7
1970,01,28,08,45,36,970,1,2,3,4,5,6,7
08,21,2070,02,56,24,724,3,1,2,4,5,6,7
13,04,07,12,27,420,0,2,1,4,5,6,7
04,06,1912,01,43,37,607,3,2,1,4,5,6,7
2044,01,26,03,42,35,656,1,2,3,4,5,6,7
01,23,1915,01,40,26,145,3,1,2,4,5,6,7
11,07,14,50,23,960,0,2,1,4,5,6,7
27,02,1942,21,54,32,278,3,2,1,4,5,6,7
1950,06,27,04,18,52,152,1,2,3,4,5,6,7
02,08,1973,15,42,44,803,3,1,2,4,5,6,7
06,04,13,55,38,505,0,2,1,4,5,6,7
17,05,1952,10,51,41,266,3,2,1,4,5,6,7
2000,05,28,11,18,54,208,1,2,3,4,5,6,7
06,27,1993,00,10,28,500,3,1,2,4,5,6,7
19,03,14,12,39,072,0,2,1,4,5,6,7
04,05,2028,22,30,52,392,3,2,1,4,5,6,7
2084,07,03,18,07,47,871,1,2,3,4,5,6,7
10,29,2044,09,31,04,826,3,1,2,4,5,6,7
12,07,19,34,53,877,0,2,1,4,5,6,7
20,10,1940,15,13,57,955,3,2,1,4,5,6,7
2027,06,03,12,56,46,300,1,2,3,4,5,6,7
09,07,1995,22,13,35,259,3,1,2,4,5,6,7
27,10,09,58,53,649,0,2,1,4,5,6,7
20,06,1984,06,29,39,071,3,2,1,4,5,6,7
2001,07,24,19,31,15,913,1,2,3,4,5,6,7
10,09,1946,07,12,39,551,3,1,2,4,5,6,7
30,03,13,31,28,126,0,2,1,4,5,6,7
16,09,2028,06,46,20,968,3,2,1,4,5,6,7
2082,02,19,05,32,45,765,1,2,3,4,5,6,7
04,18,2068,05,23,51,707,3,1,2,4,5,6,7
29,07,18,20,35,910,0,2,1,4,5,6,7
08,10,1906,01,33,06,715,3,2,1,4,5,6,7
1901,06,24,13,56,07,386,1,2,3,4,5,6,7
02,02,2012,02,07,22,273,3,1,2,4,5,6,7
11,06,19,27,33,892,0,2,1,4,5,6,7
05,03,1932,18,51,21,602,3,2,1,4,5,6,7
1932,02,18,21,22,08,404,1,2,3,4,5,6,7
10,07,1968,07,07,31,074,3,1,2,4,5,6,7
02,02,09,50,16,866,0,2,1,4,5,6,7
14,11,1961,02,55,20,765,3,2,1,4,5,6,7
2067,11,05,20,44,58,133,1,2,3,4,5,6,7
04,08,1994,15,18,25,062,3,1,2,4,5,6,7
23,05,20,39,03,551,0,2,1,4,5,6,7
27,04,1987,04,19,55,504,3,2,1,4,5,6,7
1915,04,03,20,56,22,996,1,2,3,4,5,6,7
08,24,1939,22,45,07,410,3,1,2,4,5,6,7
15,01,22,45,49,202,0,2,1,4,5,6,7
14,04,2019,02,01,17,150,3,2,1,4,5,6,7
1981,03,12,19,08,24,058,1,2,3,4,5,6,7
11,10,2094,17,49,24,528,3,1,2,4,5,6,7
03,11,02,48,36,153,0,2,1,4,5,6,7
08,04,2055,07,04,13,245,3,2,1,4,5,6,7
2078,06,25,21,13,04,185,1,2,3,4,5,6,7
06,28,1924,09,24,07,283,3,1,2,4,5,6,7
14,11,06,28,36,161,0,2,1,4,5,6,7
12,02,2045,00,10,29,295,3,2,1,4,5,6,7
2085,04,02,10,12,03,343,1,2,3,4,5,6,7
11,28,1987,00,58,35,255,3,1,2,4,5,6,7
23,09,15,36,56,157,0,2,1,4,5,6,7
28,02,1909,21,53,26,322,3,2,1,4,5,6,7
1923,10,28,13,33,27,325,1,2,3,4,5,6,7
04,17,2031,03,54,15,545,3,1,2,4,5,6,7
06,06,15,55,48,073,0,2,1,4,5,6,7
25,10,2085,01,23,12,976,3,2,1,4,5,6,7
2046,04,04,02,13,48,766,1,2,3,4,5,6,7
05,26,1978,07,38,08,280,3,1,2,4,5,6,7
09,08,02,02,19,740,0,2,1,4,5,6,7
10,05,1947,00,30,51,023,3,2,1,4,5,6,7
2075,10,20,00,28,48,644,1,2,3,4,5,6,7
05,22,2043,17,45,42,677,3,1,2,4,5,6,7
27,10,15,55,03,456,0,2,1,4,5,6,7
20,07,1952,00,14,47,617,3,2,1,4,5,6,7
2065,09,07,22,20,43,604,1,2,3,4,5,6,7
03,21,1920,06,51,26,244,3,1,2,4,5,6,7
13,07,21,01,48,725,0,2,1,4,5,6,7
03,02,1981,02,13,14,857,3,2,1,4,5,6,7
2025,01,04,04,47,32,321,1,2,3,4,5,6,7
10,01,1996,21,44,35,465,3,1,2,4,5,6,7
02,06,08,07,00,836,0,2,1,4,5,6,7
17,01,1944,05,20,21,831,3,2,1,4,5,6,7
1996,03,17,00,40,22,845,1,2,3,4,5,6,7
09,28,1931,08,09,55,095,3,1,2,4,5,6,7
20,05,14,55,02,400,0,2,1,4,5,6,7
20,04,2043,00,00,40,467,3,2,1,4,5,6,7
1933,09,09,05,45,04,312,1,2,3,4,5,6,7
04,21,1923,05,27,49,017,3,1,2,4,5,6,7
13,11,01,09,30,707,0,2,1,4,5,6,7
10,08,2003,01,24,51,271,3,2,1,4,5,6,7
1908,08,27,20,15,48,662,1,2,3,4,5,6,7
05,08,2034,03,39,56,475,3,1,2,4,5,6,7
21,02,17,07,55,779,0,2,1,4,5,6,7
11,01,2045,05,22,34,252,3,2,1,4,5,6,7
1962,09,21,20,29,24,046,1,2,3,4,5,6,7
06,15,2071,11,25,36,361,3,1,2,4,5,6,7
09,08,01,42,32,284,0,2,1,4,5,6,7
27,08,1945,14,27,25,114,3,2,1,4,5,6,7
1955,07,20,04,25,33,406,1,2,3,4,5,6,7
06,02,2059,02,42,30,165,3,1,2,4,5,6,7
18,07,21,24,07,076,0,2,1,4,5,6,7
22,06,1963,16,53,51,105,3,2,1,4,5,6,7
2025,07,27,15,29,12,316,1,2,3,4,5,6,7
02,21,1998,09,51,55,142,3,1,2,4,5,6,7
02,09,05,48,53,957,0,2,1,4,5,6,7
16,04,2068,15,51,31,739,3,2,1,4,5,6,7
2094,05,04,12,33,03,549,1,2,3,4,5,6,7
04,04,2035,07,25,11,216,3,1,2,4,5,6,7
14,03,08,14,57,433,0,2,1,4,5,6,7
19,08,2051,20,42,07,984,3,2,1,4,5,6,7
1914,10,22,19,25,37,971,1,2,3,4,5,6,7
08,12,1965,19,38,58,164,3,1,2,4,5,6,7
20,06,02,52,34,619,0,2,1,4,5,6,7
01,09,2073,13,08,05,415,3,2,1,4,5,6,7
2019,07,22,05,16,19,340,1,2,3,4,5,6,7
10,01,1910,14,45,22,655,3,1,2,4,5,6,7
15,03,09,50,02,193,0,2,1,4,5,6,7
14,02,2069,01,38,05,238,3,2,1,4,5,6,7
1992,07,04,11,04,28,265,1,2,3,4,5,6,7
05,26,1918,16,11,20,788,3,1,2,4,5,6,7
08,03,22,42,09,258,0,2,1,4,5,6,7
16,11,1901,10,46,54,077,3,2,1,4,5,6,7
1934,05,26,19,23,20,118,1,2,3,4,5,6,7
05,10,1915,12,49,37,884,3,1,2,4,5,6,7
19,08,02,53,03,238,0,2,1,4,5,6,7
28,05,1935,00,01,31,900,3,2,1,4,5,6,7
1917,02,06,15,17,10,946,1,2,3,4,5,6,7
09,19,1975,18,53,10,422,3,1,2,4,5,6,7
13,02,11,49,38,499,0,2,1,4,5,6,7
09,08,1917,10,43,48,483,3,2,1,4,5,6,7
2045,02,05,00,35,53,516,1,2,3,4,5,6,7
10,22,1935,12,28,41,151,3,1,2,4,5,6,7
15,06,08,09,06,196,0,2,1,4,5,6,7
17,09,2078,10,43,43,365,3,2,1,4,5,6,7
2088,07,19,06,33,45,445,1,2,3,4,5,6,7
03,18,2020,14,44,06,640,3,1,2,4,5,6,7
08,09,03,16,36,976,0,2,1,4,5,6,7
21,03,1960,12,50,30,343,3,2,1,4,5,6,7
2099,06,28,16,04,57,028,1,2,3,4,5,6,7
02,08,2076,20,26,56,733,3,1,2,4,5,6,7
30,03,14,09,55,535,0,2,1,4,5,6,7
12,06,2002,10,35,54,165,3,2,1,4,5,6,7
1967,06,19,12,11,53,750,1,2,3,4,5,6,7
08,29,2019,00,53,07,642,3,1,2,4,5,6,7
21,08,20,33,38,723,0,2,1,4,5,6,7
02,05,1972,01,47,58,226,3,2,1,4,5,6,7
1940,06,24,20,00,11,666,1,2,3,4,5,6,7
01,14,1903,13,35,40,698,3,1,2,4,5,6,7
01,06,09,18,35,840,0,2,1,4,5,6,7
13,11,2042,08,53,14,772,3,2,1,4,5,6,7
2077,05,13,09,20,27,832,1,2,3,4,5,6,7
02,22,1955,16,28,06,101,3,1,2,4,5,6,7
23,05,21,30,17,975,0,2,1,4,5,6,7
23,04,2026,05,11,58,302,3,2,1,4,5,6,7
1912,07,11,18,42,36,665,1,2,3,4,5,6,7
10,08,2049,05,07,49,378,3,1,2,4,5,6,7
03,08,13,27,35,808,0,2,1,4,5,6,7
10,03,1924,08,35,33,620,3,2,1,4,5,6,7
1927,07,30,10,32,22,698,1,2,3,4,5,6,7
02,21,1900,11,11,27,612,3,1,2,4,5,6,7
08,01,12,11,05,041,0,2,1,4,5,6,7
20,06,1985,12,42,54,256,3,2,1,4,5,6,7
1982,04,09,07,17,01,474,1,2,3,4,5,6,7
05,20,1951,01,34,14,942,3,1,2,4,5,6,7
21,04,04,54,32,735,0,2,1,4,5,6,7
11,07,1994,05,46,45,789,3,2,1,4,5,6,7
1968,09,02,22,13,45,431,1,2,3,4,5,6,7
08,15,2013,13,53,07,283,3,1,2,4,5,6,7
20,11,17,01,28,177,0,2,1,4,5,6,7
11,04,2092,14,50,05,920,3,2,1,4,5,6,7
1914,01,19,15,39,30,503,1,2,3,4,5,6,7
04,17,1921,10,12,05,675,3,1,2,4,5,6,7
24,05,20,49,48,549,0,2,1,4,5,6,7
28,05,2053,00,08,23,048,3,2,1,4,5,6,7
1922,02,21,09,31,26,820,1,2,3,4,5,6,7
09,11,1900,01,47,54,190,3,1,2,4,5,6,7
23,01,22,48,38,590,0,2,1,4,5,6,7
11,06,2032,12,12,19,456,3,2,1,4,5,6,7
05,23,2008,04,55,25,870,3,1,2,4,5,6,7
29,04,11,00,43,650,0,2,1,4,5,6,7
24,07,1947,00,38,03,190,3,2,1,4,5,6,7
2098,11,28,18,27,13,415,1,2,3,4,5,6,7
05,19,2006,01,26,04,725,3,1,2,4,5,6,7
12,09,03,33,15,009,0,2,1,4,5,6,7
29,09,2059,20,33,14,142,3,2,1,4,5,6,7
1998,04,17,07,49,15,411,1,2,3,4,5,6,7
07,06,1961,02,56,54,441,3,1,2,4,5,6,7
22,10,12,36,18,120,0,2,1,4,5,6,7
27,10,1946,11,45,40,854,3,2,1,4,5,6,7
1930,07,22,22,53,06,107,1,2,3,4,5,6,7
10,24,1989,06,08,11,071,3,1,2,4,5,6,7
18,03,11,52,11,467,0,2,1,4,5,6,7
13,03,2040,13,21,38,091,3,2,1,4,5,6,7
1915,08,25,14,26,16,339,1,2,3,4,5,6,7
05,11,2047,22,52,00,642,3,1,2,4,5,6,7
08,09,11,45,32,062,0,2,1,4,5,6,7
26,03,1973,10,44,42,273,3,2,1,4,5,6,7
2058,08,05,02,24,36,594,1,2,3,4,5,6,7
04,29,2036,19,10,11,327,3,1,2,4,5,6,7
25,04,12,37,20,216,0,2,1,4,5,6,7
15,06,1905,03,05,11,456,3,2,1,4,5,6,7
2010,01,28,08,41,51,402,1,2,3,4,5,6,7
01,26,1937,15,42,27,529,3,1,2,4,5,6,7
17,01,11,21,48,120,0,2,1,4,5,6,7
01,05,2005,19,50,38,650,3,2,1,4,5,6,7
2073,05,29,06,29,15,313,1,2,3,4,5,6,7
03,07,1972,00,51,56,020,3,1,2,4,5,6,7
27,04,20,06,09,922,0,2,1,4,5,6,7
27,01,2044,12,36,45,951,3,2,1,4,5,6,7
1943,03,23,17,03,10,896,1,2,3,4,5,6,7
07,25,1904,06,11,40,027,3,1,2,4,5,6,7
24,03,03,53,52,463,0,2,1,4,5,6,7
16,02,2025,16,41,36,085,3,2,1,4,5,6,7
1965,07,20,17,00,57,695,1,2,3,4,5,6,7
08,15,2035,11,46,32,016,3,1,2,4,5,6,7
03,08,12,37,43,564,0,2,1,4,5,6,7
02,04,2055,19,52,28,741,3,2,1,4,5,6,7
1928,06,11,22,24,23,316,1,2,3,4,5,6,7
03,25,2053,13,22,24,748,3,1,2,4,5,6,7
06,05,14,27,34,758,0,2,1,4,5,6,7
16,09,1925,21,01,07,258,3,2,1,4,5,6,7
2090,05,22,17,49,36,840,1,2,3,4,5,6,7
11,19,2049,02,05,29,085,3,1,2,4,5,6,7
12,01,00,55,09,686,0,2,1,4,5,6,7
20,03,2081,18,05,33,030,3,2,1,4,5,6,7
1961,10,05,04,18,36,608,1,2,3,4,5,6,7
01,01,1939,06,22,39,930,3,1,2,4,5,6,7
25,02,21,33,00,928,0,2,1,4,5,6,7
24,04,2044,05,22,39,312,3,2,1,4,5,6,7
1979,10,26,13,46,14,959,1,2,3,4,5,6,7
01,28,1983,06,14,17,624,3,1,2,4,5,6,7
30,09,12,56,53,918,0,2,1,4,5,6,7
30,11,2030,06,22,48,903,3,2,1,4,5,6,7
2095,03,27,06,30,49,950,1,2,3,4,5,6,7
02,06,1967,08,35,03,127,3,1,2,4,5,6,7
13,11,10,52,02,728,0,2,1,4,5,6,7
11,05,2062,17,44,12,611,3,2,1,4,5,6,7
1923,06,03,05,38,34,176,1,2,3,4,5,6,7
10,07,1916,01,25,17,280,3,1,2,4,5,6,7
09,04,01,29,10,926,0,2,1,4,5,6,7
07,07,2028,01,54,01,242,3,2,1,4,5,6,7
1943,01,24,06,08,14,794,1,2,3,4,5,6,7
02,18,2052,05,00,49,526,3,1,2,4,5,6,7
19,01,15,58,26,421,0,2,1,4,5,6,7
24,02,2008,01,02,42,334,3,2,1,4,5,6,7
1959,10,14,12,47,52,552,1,2,3,4,5,6,7
05,13,1904,15,23,21,499,3,1,2,4,5,6,7
03,02,20,43,37,197,0,2,1,4,5,6,7
28,07,2089,10,27,17,790,3,2,1,4,5,6,7
2041,10,28,00,42,37,133,1,2,3,4,5,6,7
06,23,2022,18,13,15,032,3,1,2,4,5,6,7
05,08,03,33,43,089,0,2,1,4,5,6,7
07,06,2012,20,57,03,079,3,2,1,4,5,6,7
2077,02,02,17,30,17,405,1,2,3,4,5,6,7
10,03,2074,03,30,20,235,3,1,2,4,5,6,7
30,05,01,14,50,327,0,2,1,4,5,6,7
21,09,2068,20,04,05,665,3,2,1,4,5,6,7
1941,06,26,17,38,33,223,1,2,3,4,5,6,7
11,03,1947,16,26,12,482,3,1,2,4,5,6,7
27,05,18,48,45,371,0,2,1,4,5,6,7
09,11,2063,17,47,01,933,3,2,1,4,5,6,7
1973,10,06,02,10,02,298,1,2,3,4,5,6,7
05,03,1928,04,23,55,330,3,1,2,4,5,6,7
21,09,20,31,22,711,0,2,1,4,5,6,7
13,08,1957,04,37,40,901,3,2,1,4,5,6,7
1956,07,27,13,17,25,232,1,2,3,4,5,6,7
04,08,1975,10,29,56,630,3,1,2,4,5,6,7
17,10,04,57,27,650,0,2,1,4,5,6,7
20,05,1901,15,43,25,691,3,2,1,4,5,6,7
2090,05,29,13,08,29,280,1,2,3,4,5,6,7
02,02,2081,15,19,30,327,3,1,2,4,5,6,7
02,01,07,47,25,807,0,2,1,4,5,6,7
22,01,1907,09,01,58,830,3,2,1,4,5,6,7
1946,10,10,16,24,44,531,1,2,3,4,5,6,7
07,01,1952,13,35,56,780,3,1,2,4,5,6,7
30,05,12,02,31,992,0,2,1,4,5,6,7
29,03,2003,02,19,29,165,3,2,1,4,5,6,7
1943,02,03,06,25,41,224,1,2,3,4,5,6,7
07,19,1940,03,11,14,699,3,1,2,4,5,6,7
06,07,18,37,22,375,0,2,1,4,5,6,7
18,03,1942,04,24,19,370,3,2,1,4,5,6,7
1949,02,07,16,35,23,611,1,2,3,4,5,6,7
11,14,1924,17,31,28,193,3,1,2,4,5,6,7
23,04,06,21,41,355,0,2,1,4,5,6,7
23,08,2090,02,56,38,779,3,2,1,4,5,6,7
1991,08,27,08,04,47,371,1,2,3,4,5,6,7
05,25,2018,04,55,20,779,3,1,2,4,5,6,7
19,07,04,48,45,357,0,2,1,4,5,6,7
08,04,2020,03,53,21,537,3,2,1,4,5,6,7
1960,01,19,03,16,14,835,1,2,3,4,5,6,7
02,21,2079,05,16,48,643,3,1,2,4,5,6,7
15,02,15,37,58,861,0,2,1,4,5,6,7
06,05,2020,00,05,50,890,3,2,1,4,5,6,7
1942,08,03,12,25,39,420,1,2,3,4,5,6,7
06,14,1901,18,32,13,856,3,1,2,4,5,6,7
16,04,12,23,15,304,0,2,1,4,5,6,7
29,10,1942,05,22,15,745,3,2,1,4,5,6,7
1961,04,29,06,06,49,519,1,2,3,4,5,6,7
02,16,1939,15,30,28,763,3,1,2,4,5,6,7
03,10,19,08,09,174,0,2,1,4,5,6,7
28,04,1993,06,14,06,524,3,2,1,4,5,6,7
2055,04,19,20,56,37,766,1,2,3,4,5,6,7
11,28,2082,06,05,08,234,3,1,2,4,5,6,7
12,02,19,51,01,513,0,2,1,4,5,6,7
15,10,2037,00,35,55,713,3,2,1,4,5,6,7
1988,06,19,00,54,50,034,1,2,3,4,5,6,7
02,15,2050,04,21,09,049,3,1,2,4,5,6,7
14,01,02,46,03,248,0,2,1,4,5,6,7
18,01,2022,03,34,22,467,3,2,1,4,5,6,7
2031,07,10,08,12,10,725,1,2,3,4,5,6,7
10,16,1942,05,20,27,215,3,1,2,4,5,6,7
01,02,09,55,20,283,0,2,1,4,5,6,7
22,03,2038,22,26,53,046,3,2,1,4,5,6,7
2061,08,26,17,39,23,934,1,2,3,4,5,6,7
08,07,2093,22,10,47,653,3,1,2,4,5,6,7
03,11,02,53,47,003,0,2,1,4,5,6,7
13,07,1911,12,44,16,914,3,2,1,4,5,6,7
1949,06,30,13,03,34,853,1,2,3,4,5,6,7
04,10,2016,02,10,31,299,3,1,2,4,5,6,7
02,02,00,16,21,952,0,2,1,4,5,6,7
23,07,1972,22,18,57,799,3,2,1,4,5,6,7
2049,03,18,08,46,44,307,1,2,3,4,5,6,7
03,19,1957,14,37,03,351,3,1,2,4,5,6,7
05,02,02,56,55,701,0,2,1,4,5,6,7
26,05,1998,01,12,28,100,3,2,1,4,5,6,7
1942,02,05,18,20,26,712,1,2,3,4,5,6,7
09,03,1934,14,24,02,073,3,1,2,4,5,6,7
05,01,08,10,26,619,0,2,1,4,5,6,7
08,03,1977,11,45,55,607,3,2,1,4,5,6,7
2002,10,04,20,12,31,836,1,2,3,4,5,6,7
11,08,1991,01,01,36,303,3,1,2,4,5,6,7
14,10,09,40,47,059,0,2,1,4,5,6,7
27,02,1974,05,10,18,616,3,2,1,4,5,6,7
1973,08,11,06,33,23,655,1,2,3,4,5,6,7
08,27,2047,16,08,06,565,3,1,2,4,5,6,7
30,10,02,12,22,724,0,2,1,4,5,6,7
05,04,1982,11,58,06,174,3,2,1,4,5,6,7
1912,09,29,13,46,58,293,1,2,3,4,5,6,7
01,02,2088,01,36,25,492,3,1,2,4,5,6,7
22,07,08,17,04,386,0,2,1,4,5,6,7
23,10,1968,01,11,13,354,3,2,1,4,5,6,7
1903,08,16,12,15,02,510,1,2,3,4,5,6,7
08,09,2042,14,31,39,053,3,1,2,4,5,6,7
26,05,14,06,30,875,0,2,1,4,5,6,7
15,11,2041,20,51,51,211,3,2,1,4,5,6,7
1953,01,10,22,42,30,426,1,2,3,4,5,6,7
04,19,1908,05,46,49,975,3,1,2,4,5,6,7
29,10,05,44,00,282,0,2,1,4,5,6,7
11,08,1900,19,40,02,256,3,2,1,4,5,6,7
1904,06,11,13,04,29,239,1,2,3,4,5,6,7
04,05,2064,17,40,42,595,3,1,2,4,5,6,7
21,05,22,30,32,609,0,2,1,4,5,6,7
22,03,1973,13,18,11,119,3,2,1,4,5,6,7
2044,09,21,18,30,44,475,1,2,3,4,5,6,7
10,17,1996,04,45,04,312,3,1,2,4,5,6,7
27,04,15,06,47,676,0,2,1,4,5,6,7
01,06,1978,21,02,14,328,3,2,1,4,5,6,7
1917,05,21,22,58,48,925,1,2,3,4,5,6,7
09,02,1940,14,03,37,767,3,1,2,4,5,6,7
20,04,11,19,33,972,0,2,1,4,5,6,7
03,02,2004,17,33,33,001,3,2,1,4,5,6,7
2095,03,10,06,35,44,787,1,2,3,4,5,6,7
11,06,2013,18,39,39,810,3,1,2,4,5,6,7
23,05,10,42,24,247,0,2,1,4,5,6,7
25,02,2065,07,04,35,602,3,2,1,4,5,6,7
1919,11,10,00,45,06,692,1,2,3,4,5,6,7
10,02,1917,08,24,40,388,3,1,2,4,5,6,7
15,07,10,50,21,100,0,2,1,4,5,6,7
30,09,1939,20,27,25,807,3,2,1,4,5,6,7
2081,09,17,14,09,13,244,1,2,3,4,5,6,7
04,13,1916,08,49,34,464,3,1,2,4,5,6,7
23,06,07,34,15,503,0,2,1,4,5,6,7
21,02,2069,11,06,50,981,3,2,1,4,5,6,7
1970,08,09,22,56,06,390,1,2,3,4,5,6,7
08,11,2019,04,37,07,204,3,1,2,4,5,6,7
14,11,14,55,31,185,0,2,1,4,5,6,7
11,01,2084,22,49,40,683,3,2,1,4,5,6,7
1991,05,08,05,21,43,487,1,2,3,4,5,6,7
10,29,2012,12,49,20,717,3,1,2,4,5,6,7
04,09,06,10,07,070,0,2,1,4,5,6,7
25,09,1992,11,51,28,171,3,2,1,4,5,6,7
1928,04,15,06,50,47,161,1,2,3,4,5,6,7
01,09,1938,02,19,49,818,3,1,2,4,5,6,7
22,04,06,40,28,521,0,2,1,4,5,6,7
27,07,1940,01,29,25,840,3,2,1,4,5,6,7
1920,08,07,15,48,18,159,1,2,3,4,5,6,7
01,06,2039,00,38,22,418,3,1,2,4,5,6,7
22,04,06,31,56,953,0,2,1,4,5,6,7
04,10,1902,07,44,32,131,3,2,1,4,5,6,7
2098,05,01,10,11,06,221,1,2,3,4,5,6,7
11,28,2053,03,35,20,341,3,1,2,4,5,6,7
01,11,16,37,29,503,0,2,1,4,5,6,7
24,08,1975,04,39,03,510,3,2,1,4,5,6,7
2025,11,11,15,44,06,623,1,2,3,4,5,6,7
07,26,2075,14,38,12,618,3,1,2,4,5,6,7
13,10,16,32,17,826,0,2,1,4,5,6,7
19,04,1942,06,30,15,738,3,2,1,4,5,6,7
1993,02,26,11,41,43,457,1,2,3,4,5,6,7
11,10,1995,06,09,25,540,3,1,2,4,5,6,7
14,09,12,24,38,769,0,2,1,4,5,6,7
15,08,2018,13,34,37,807,3,2,1,4,5,6,7
1931,07,27,19,39,41,902,1,2,3,4,5,6,7
03,26,1937,16,51,28,065,3,1,2,4,5,6,7
16,06,03,29,43,622,0,2,1,4,5,6,7
17,02,1954,14,23,37,604,3,2,1,4,5,6,7
1990,11,14,15,32,41,697,1,2,3,4,5,6,7
02,14,2058,16,30,00,473,3,1,2,4,5,6,7
08,07,09,10,47,879,0,2,1,4,5,6,7
14,06,2068,11,50,45,552,3,2,1,4,5,6,7
2005,02,04,15,00,29,800,1,2,3,4,5,6,7
05,04,1978,12,08,44,542,3,1,2,4,5,6,7
15,05,02,35,32,966,0,2,1,4,5,6,7
25,07,1932,15,45,35,249,3,2,1,4,5,6,7
1942,07,15,11,18,18,731,1,2,3,4,5,6,7
02,01,1967,09,12,43,872,3,1,2,4,5,6,7
18,11,03,26,31,190,0,2,1,4,5,6,7
28,01,1956,10,36,44,389,3,2,1,4,5,6,7
1981,03,30,22,28,02,418,1,2,3,4,5,6,7
07,05,2033,06,24,31,422,3,1,2,4,5,6,7
08,07,13,46,19,228,0,2,1,4,5,6,7
17,06,1974,04,24,14,046,3,2,1,4,5,6,7
2039,07,09,11,20,29,455,1,2,3,4,5,6,7
06,04,2011,12,14,36,772,3,1,2,4,5,6,7
01,06,12,03,20,854,0,2,1,4,5,6,7
04,01,1969,21,38,26,751,3,2,1,4,5,6,7
2046,07,02,20,45,27,564,1,2,3,4,5,6,7
08,01,1932,00,16,11,064,3,1,2,4,5,6,7
07,07,12,08,21,241,0,2,1,4,5,6,7
01,07,2056,05,48,02,659,3,2,1,4,5,6,7
2078,04,22,04,15,34,712,1,2,3,4,5,6,7
08,01,1945,14,55,38,148,3,1,2,4,5,6,7
14,08,07,26,23,076,0,2,1,4,5,6,7
28,10,1967,13,56,24,494,3,2,1,4,5,6,7
1988,08,10,08,57,18,750,1,2,3,4,5,6,7
06,14,2023,10,35,28,933,3,1,2,4,5,6,7
15,10,20,50,10,966,0,2,1,4,5,6,7
18,05,1996,20,49,28,896,3,2,1,4,5,6,7
1935,11,08,03,02,12,698,1,2,3,4,5,6,7
05,20,1961,20,14,05,559,3,1,2,4,5,6,7
25,08,18,29,02,061,0,2,1,4,5,6,7
02,04,1994,06,31,04,265,3,2,1,4,5,6,7
2009,03,01,02,58,11,767,1,2,3,4,5,6,7
10,19,2025,22,26,55,585,3,1,2,4,5,6,7
22,07,15,17,03,628,0,2,1,4,5,6,7
05,02,2023,03,57,05,170,3,2,1,4,5,6,7
2089,08,21,22,08,52,013,1,2,3,4,5,6,7
06,23,2060,18,57,01,047,3,1,2,4,5,6,7
25,08,07,24,37,300,0,2,1,4,5,6,7
27,09,2028,03,22,53,928,3,2,1,4,5,6,7
2088,04,10,03,30,22,063,1,2,3,4,5,6,7
07,21,1958,16,05,24,864,3,1,2,4,5,6,7
17,06,19,44,05,129,0,2,1,4,5,6,7
21,02,2027,01,49,05,021,3,2,1,4,5,6,7
1907,09,02,01,21,19,722,1,2,3,4,5,6,7
04,23,1997,10,28,16,811,3,1,2,4,5,6,7
05,08,20,42,21,107,0,2,1,4,5,6,7
17,01,1960,09,40,04,593,3,2,1,4,5,6,7
2023,04,26,03,34,13,374,1,2,3,4,5,6,7
11,11,1960,21,41,27,977,3,1,2,4,5,6,7
15,10,20,01,34,758,0,2,1,4,5,6,7
02,02,2007,01,51,00,379,3,2,1,4,5,6,7
2038,03,30,01,32,26,004,1,2,3,4,5,6,7
01,09,2038,07,01,52,391,3,1,2,4,5,6,7
12,10,22,03,08,572,0,2,1,4,5,6,7
11,10,1949,06,10,04,100,3,2,1,4,5,6,7
1923,11,25,18,41,43,364,1,2,3,4,5,6,7
08,21,2061,12,41,14,300,3,1,2,4,5,6,7
27,11,12,46,00,479,0,2,1,4,5,6,7
12,09,2087,03,03,01,509,3,2,1,4,5,6,7
1905,04,27,06,20,01,260,1,2,3,4,5,6,7
08,27,2010,08,24,37,381,3,1,2,4,5,6,7
14,07,13,32,54,332,0,2,1,4,5,6,7
09,06,1957,07,38,55,984,3,2,1,4,5,6,7
1970,01,27,15,00,00,215,1,2,3,4,5,6,7
05,30,1990,14,18,18,056,3,1,2,4,5,6,7
04,01,20,17,57,355,0,2,1,4,5,6,7
12,03,1915,09,15,53,841,3,2,1,4,5,6,7
1966,09,11,00,24,04,752,1,2,3,4,5,6,7
04,14,1977,07,07,21,917,3,1,2,4,5,6,7
27,10,17,52,42,829,0,2,1,4,5,6,7
27,11,2083,21,31,23,267,3,2,1,4,5,6,7
1949,09,21,17,10,16,410,1,2,3,4,5,6,7
04,25,2010,17,35,26,238,3,1,2,4,5,6,7
11,03,20,13,35,865,0,2,1,4,5,6,7
16,08,1923,18,41,40,116,3,2,1,4,5,6,7
2028,07,14,19,58,32,142,1,2,3,4,5,6,7
02,22,1919,00,38,00,443,3,1,2,4,5,6,7
30,10,16,12,21,956,0,2,1,4,5,6,7
12,04,2021,05,40,03,633,3,2,1,4,5,6,7
2036,09,16,14,34,34,176,1,2,3,4,5,6,7
03,10,1958,17,56,19,415,3,1,2,4,5,6,7
14,05,01,19,40,171,0,2,1,4,5,6,7
28,05,1960,12,23,36,539,3,2,1,4,5,6,7
1974,05,18,03,51,52,522,1,2,3,4,5,6,7
05,05,2053,02,50,43,521,3,1,2,4,5,6,7
06,06,12,42,57,256,0,2,1,4,5,6,7
22,08,1969,02,57,12,803,3,2,1,4,5,6,7
2063,01,04,12,27,34,305,1,2,3,4,5,6,7
01,01,1961,10,47,38,281,3,1,2,4,5,6,7
22,01,19,22,03,607,0,2,1,4,5,6,7
15,01,2075,01,36,01,888,3,2,1,4,5,6,7
2097,02,04,14,41,37,769,1,2,3,4,5,6,7
06,18,2076,18,44,28,663,3,1,2,4,5,6,7
04,09,22,29,05,091,0,2,1,4,5,6,7
04,05,1981,17,19,09,168,3,2,1,4,5,6,7
2039,04,25,19,47,53,333,1,2,3,4,5,6,7
02,08,1939,00,17,05,102,3,1,2,4,5,6,7
20,08,21,36,27,930,0,2,1,4,5,6,7
10,06,2056,04,52,51,764,3,2,1,4,5,6,7
1904,07,22,01,34,05,352,1,2,3,4,5,6,7
06,26,2053,16,45,51,476,3,1,2,4,5,6,7
16,01,15,48,32,424,0,2,1,4,5,6,7
18,02,2022,11,10,56,019,3,2,1,4,5,6,7
2050,08,03,12,03,56,295,1,2,3,4,5,6,7
09,26,2030,06,52,16,420,3,1,2,4,5,6,7
10,02,08,33,35,122,0,2,1,4,5,6,7
03,04,2015,11,52,22,428,3,2,1,4,5,6,7
2072,11,21,11,20,31,905,1,2,3,4,5,6,7
07,27,1950,20,34,12,586,3,1,2,4,5,6,7
22,03,09,07,20,144,0,2,1,4,5,6,7
17,11,2002,03,38,57,910,3,2,1,4,5,6,7
2021,11,05,13,20,19,527,1,2,3,4,5,6,7
04,16,1979,12,13,32,646,3,1,2,4,5,6,7
03,06,11,02,10,770,0,2,1,4,5,6,7
01,01,1918,22,18,06,909,3,2,1,4,5,6,7
1924,10,29,07,38,46,191,1,2,3,4,5,6,7
11,10,2027,15,53,58,124,3,1,2,4,5,6,7
16,01,03,24,48,073,0,2,1,4,5,6,7
10,10,1950,17,44,47,003,3,2,1,4,5,6,7
1950,07,29,11,19,58,247,1,2,3,4,5,6,7
05,04,1915,13,49,04,428,3,1,2,4,5,6,7
17,04,00,33,17,315,0,2,1,4,5,6,7
06,11,2044,19,35,03,335,3,2,1,4,5,6,7
2016,01,12,14,14,01,289,1,2,3,4,5,6,7
07,15,1981,21,57,29,756,3,1,2,4,5,6,7
21,03,03,31,17,092,0,2,1,4,5,6,7
20,09,1913,02,36,22,428,3,2,1,4,5,6,7
2013,05,23,15,04,53,877,1,2,3,4,5,6,7
05,25,2039,02,21,50,923,3,1,2,4,5,6,7
07,04,12,39,11,701,0,2,1,4,5,6,7
22,08,1984,00,06,45,667,3,2,1,4,5,6,7
2092,05,10,19,42,57,103,1,2,3,4,5,6,7
03,12,1974,21,31,49,534,3,1,2,4,5,6,7
06,04,17,58,43,013,0,2,1,4,5,6,7
18,07,2022,22,23,08,007,3,2,1,4,5,6,7
2041,11,11,13,46,03,329,1,2,3,4,5,6,7
06,24,1982,08,24,36,338,3,1,2,4,5,6,7
25,02,08,48,33,215,0,2,1,4,5,6,7
25,11,2054,00,03,42,291,3,2,1,4,5,6,7
2098,06,13,05,36,03,555,1,2,3,4,5,6,7
05,24,1915,13,41,50,047,3,1,2,4,5,6,7
28,02,12,47,14,140,0,2,1,4,5,6,7
12,04,2030,08,19,51,877,3,2,1,4,5,6,7
2069,04,14,19,43,38,740,1,2,3,4,5,6,7
04,28,2032,03,22,26,386,3,1,2,4,5,6,7
29,07,20,39,37,549,0,2,1,4,5,6,7
03,03,2042,20,22,09,143,3,2,1,4,5,6,7
2023,09,27,14,52,14,036,1,2,3,4,5,6,7
11,26,2049,01,45,55,643,3,1,2,4,5,6,7
30,09,09,51,15,655,0,2,1,4,5,6,7
17,03,2061,10,10,27,860,3,2,1,4,5,6,7
1951,03,18,01,17,11,366,1,2,3,4,5,6,7
01,29,2093,08,30,48,527,3,1,2,4,5,6,7
30,05,04,14,53,368,0,2,1,4,5,6,7
24,05,2052,18,14,29,322,3,2,1,4,5,6,7
1946,01,24,09,57,19,980,1,2,3,4,5,6,7
06,30,1911,03,55,09,723,3,1,2,4,5,6,7
08,06,10,54,54,253,0,2,1,4,5,6,7
14,07,1958,08,11,35,616,3,2,1,4,5,6,7
2064,01,07,22,39,40,609,1,2,3,4,5,6,7
02,17,2074,13,28,18,124,3,1,2,4,5,6,7
10,05,21,57,13,923,0,2,1,4,5,6,7
30,06,2076,07,55,37,377,3,2,1,4,5,6,7
1956,04,17,08,50,03,660,1,2,3,4,5,6,7
03,01,1997,12,42,37,357,3,1,2,4,5,6,7
23,10,14,33,57,677,0,2,1,4,5,6,7
16,03,2088,09,58,14,922,3,2,1,4,5,6,7
1972,11,01,22,31,57,407,1,2,3,4,5,6,7
09,13,2085,11,54,19,895,3,1,2,4,5,6,7
22,08,02,48,26,488,0,2,1,4,5,6,7
09,01,1949,02,33,54,707,3,2,1,4,5,6,7
2041,10,20,11,05,31,535,1,2,3,4,5,6,7
11,05,1924,01,08,53,725,3,1,2,4,5,6,7
20,10,02,23,02,072,0,2,1,4,5,6,7
23,06,2086,22,04,28,621,3,2,1,4,5,6,7
1974,07,03,02,09,21,453,1,2,3,4,5,6,7
08,23,2020,04,43,24,285,3,1,2,4,5,6,7
14,07,11,57,06,669,0,2,1,4,5,6,7
26,03,2022,06,11,41,773,3,2,1,4,5,6,7
2099,03,21,06,39,30,772,1,2,3,4,5,6,7
02,18,1912,09,20,52,140,3,1,2,4,5,6,7
16,02,21,19,15,312,0,2,1,4,5,6,7
20,01,2093,12,12,58,073,3,2,1,4,5,6,7
1917,11,24,21,16,38,968,1,2,3,4,5,6,7
01,11,2006,09,16,54,643,3,1,2,4,5,6,7
01,09,08,37,36,852,0,2,1,4,5,6,7
20,02,1909,18,58,36,055,3,2,1,4,5,6,7
2061,11,25,12,49,36,765,1,2,3,4,5,6,7
02,10,2071,07,02,30,666,3,1,2,4,5,6,7
26,09,04,04,39,707,0,2,1,4,5,6,7
18,04,2071,00,24,06,171,3,2,1,4,5,6,7
1908,08,18,08,55,17,999,1,2,3,4,5,6,7
04,30,2014,15,34,22,332,3,1,2,4,5,6,7
27,01,11,02,04,341,0,2,1,4,5,6,7
18,04,1939,08,17,08,946,3,2,1,4,5,6,7
1990,01,09,14,47,39,767,1,2,3,4,5,6,7
05,18,2026,18,46,58,559,3,1,2,4,5,6,7
16,09,13,43,34,767,0,2,1,4,5,6,7
18,08,2054,04,34,28,230,3,2,1,4,5,6,7
1975,11,28,05,09,27,471,1,2,3,4,5,6,7
09,10,1993,15,19,48,144,3,1,2,4,5,6,7
18,09,20,48,36,961,0,2,1,4,5,6,7
05,07,1970,12,28,42,038,3,2,1,4,5,6,7
2058,10,28,03,30,32,975,1,2,3,4,5,6,7
01,07,2060,19,22,43,066,3,1,2,4,5,6,7
22,02,11,10,05,907,0,2,1,4,5,6,7
16,03,2010,22,04,39,331,3,2,1,4,5,6,7
2029,05,21,22,08,17,453,1,2,3,4,5,6,7
07,11,1932,19,06,27,660,3,1,2,4,5,6,7
08,08,15,03,52,169,0,2,1,4,5,6,7
23,01,2096,16,15,06,467,3,2,1,4,5,6,7
1931,06,20,13,58,26,669,1,2,3,4,5,6,7
05,27,2013,00,31,03,315,3,1,2,4,5,6,7
28,03,04,13,24,277,0,2,1,4,5,6,7
02,09,2085,07,14,06,913,3,2,1,4,5,6,7
2096,02,20,19,09,09,377,1,2,3,4,5,6,7
07,22,1908,02,20,01,420,3,1,2,4,5,6,7
25,03,12,54,09,947,0,2,1,4,5,6,7
30,04,2013,09,40,07,285,3,2,1,4,5,6,7
1994,05,27,10,11,10,241,1,2,3,4,5,6,7
10,13,2006,18,43,11,301,3,1,2,4,5,6,7
13,11,10,55,27,112,0,2,1,4,5,6,7
08,08,1996,15,30,31,712,3,2,1,4,5,6,7
2028,09,11,21,31,13,167,1,2,3,4,5,6,7
08,30,2028,05,39,27,051,3,1,2,4,5,6,7
08,03,06,39,03,030,0,2,1,4,5,6,7
07,09,2061,21,10,22,030,3,2,1,4,5,6,7
2034,07,02,01,04,02,239,1,2,3,4,5,6,7
06,07,1935,11,00,22,241,3,1,2,4,5,6,7
16,07,14,43,15,273,0,2,1,4,5,6,7
17,09,2034,06,58,21,330,3,2,1,4,5,6,7
1997,02,27,18,25,30,510,1,2,3,4,5,6,7
07,09,2022,10,56,35,708,3,1,2,4,5,6,7
02,09,11,10,55,233,0,2,1,4,5,6,7
11,01,2012,14,02,25,941,3,2,1,4,5,6,7
1912,10,19,14,28,36,732,1,2,3,4,5,6,7
02,26,1915,19,52,53,771,3,1,2,4,5,6,7
06,06,11,01,46,880,0,2,1,4,5,6,7
28,10,1969,21,32,05,021,3,2,1,4,5,6,7
2075,07,18,19,07,54,743,1,2,3,4,5,6,7
01,10,2085,01,03,14,481,3,1,2,4,5,6,7
30,10,17,41,31,929,0,2,1,4,5,6,7
30,07,1922,01,27,28,523,3,2,1,4,5,6,7
1951,11,20,12,52,58,643,1,2,3,4,5,6,7
04,02,2097,05,56,36,771,3,1,2,4,5,6,7
21,08,16,22,18,200,0,2,1,4,5,6,7
25,02,2003,05,36,30,508,3,2,1,4,5,6,7
2084,03,04,20,07,20,068,1,2,3,4,5,6,7
02,05,2049,05,01,44,629,3,1,2,4,5,6,7
26,01,01,08,13,954,0,2,1,4,5,6,7
20,06,2031,15,04,45,377,3,2,1,4,5,6,7
2053,07,12,11,20,43,849,1,2,3,4,5,6,7
05,23,1951,11,28,57,797,3,1,2,4,5,6,7
27,08,10,43,46,201,0,2,1,4,5,6,7
10,09,1952,06,14,07,889,3,2,1,4,5,6,7
1944,11,26,11,11,42,081,1,2,3,4,5,6,7
01,17,1957,01,13,58,777,3,1,2,4,5,6,7
17,09,03,14,00,479,0,2,1,4,5,6,7
18,04,1902,19,15,54,511,3,2,1,4,5,6,7
2000,04,09,18,02,32,186,1,2,3,4,5,6,7
10,02,1942,06,20,44,386,3,1,2,4,5,6,7
26,01,12,03,09,441,0,2,1,4,5,6,7
18,09,1925,07,40,21,957,3,2,1,4,5,6,7
1992,03,17,19,23,21,829,1,2,3,4,5,6,7
02,29,2032,05,00,10,454,3,1,2,4,5,6,7
12,09,14,21,19,627,0,2,1,4,5,6,7
20,02,2098,22,09,14,564,3,2,1,4,5,6,7
2020,07,12,12,15,07,681,1,2,3,4,5,6,7
06,03,1975,00,08,13,740,3,1,2,4,5,6,7
07,07,13,10,13,177,0,2,1,4,5,6,7
22,01,1973,12,35,18,495,3,2,1,4,5,6,7
1996,05,07,08,30,19,867,1,2,3,4,5,6,7
01,02,2021,19,25,09,610,3,1,2,4,5,6,7
07,08,01,51,04,883,0,2,1,4,5,6,7
21,11,2099,03,43,22,627,3,2,1,4,5,6,7
10,10,2059,05,01,01,531,3,1,2,4,5,6,7
08,03,07,17,12,889,0,2,1,4,5,6,7
03,03,2065,21,12,10,368,3,2,1,4,5,6,7
2046,02,13,13,19,27,049,1,2,3,4,5,6,7
01,17,1982,00,19,02,966,3,1,2,4,5,6,7
29,11,10,16,19,571,0,2,1,4,5,6,7
05,05,2033,18,27,17,615,3,2,1,4,5,6,7
2085,05,26,22,31,11,281,1,2,3,4,5,6,7
08,13,2053,16,50,13,843,3,1,2,4,5,6,7
19,04,14,49,57,595,0,2,1,4,5,6,7
20,10,1979,15,26,28,469,3,2,1,4,5,6,7
1941,08,01,02,01,14,005,1,2,3,4,5,6,7
08,27,2026,10,53,11,355,3,1,2,4,5,6,7
12,03,19,31,01,930,0,2,1,4,5,6,7
06,02,2039,00,40,00,376,3,2,1,4,5,6,7
2051,07,25,16,26,04,493,1,2,3,4,5,6,7
04,06,2031,09,44,28,501,3,1,2,4,5,6,7
15,02,16,51,05,639,0,2,1,4,5,6,7
20,05,1961,02,43,47,846,3,2,1,4,5,6,7
1947,07,21,22,14,56,550,1,2,3,4,5,6,7
08,21,1960,21,16,09,418,3,1,2,4,5,6,7
15,06,14,13,20,592,0,2,1,4,5,6,7
07,06,1942,12,19,43,974,3,2,1,4,5,6,7
1940,01,09,09,49,40,253,1,2,3,4,5,6,7
07,02,2057,19,52,56,288,3,1,2,4,5,6,7
02,09,09,22,27,865,0,2,1,4,5,6,7
03,02,2036,02,54,51,574,3,2,1,4,5,6,7
2065,08,20,21,54,22,482,1,2,3,4,5,6,7
01,11,2043,01,06,48,280,3,1,2,4,5,6,7
20,04,08,36,28,479,0,2,1,4,5,6,7
17,11,1936,19,54,35,848,3,2,1,4,5,6,7
1909,09,21,08,45,20,119,1,2,3,4,5,6,7
11,23,1993,13,15,35,806,3,1,2,4,5,6,7
05,08,21,45,49,307,0,2,1,4,5,6,7
08,08,1916,06,29,50,177,3,2,1,4,5,6,7
1966,04,28,22,44,15,497,1,2,3,4,5,6,7
11,08,1919,05,49,57,097,3,1,2,4,5,6,7
04,07,01,40,16,412,0,2,1,4,5,6,7
03,07,2076,10,47,37,775,3,2,1,4,5,6,7
1992,10,14,16,01,27,155,1,2,3,4,5,6,7
11,22,2023,14,52,57,987,3,1,2,4,5,6,7
04,01,17,50,04,851,0,2,1,4,5,6,7
26,01,1919,22,13,13,687,3,2,1,4,5,6,7
2032,10,17,16,51,20,191,1,2,3,4,5,6,7
08,20,2016,17,20,12,594,3,1,2,4,5,6,7
13,01,10,36,39,965,0,2,1,4,5,6,7
19,04,1968,11,03,01,841,3,2,1,4,5,6,7
2031,09,20,20,03,47,546,1,2,3,4,5,6,7
09,01,2029,10,28,31,504,3,1,2,4,5,6,7
08,08,10,49,03,483,0,2,1,4,5,6,7
04,10,1909,07,48,02,635,3,2,1,4,5,6,7
1972,08,16,21,15,26,374,1,2,3,4,5,6,7
03,19,1993,19,06,35,974,3,1,2,4,5,6,7
21,08,1951,17,42,47,855,3,2,1,4,5,6,7
1909,11,17,18,07,34,227,1,2,3,4,5,6,7
04,24,1997,03,36,19,589,3,1,2,4,5,6,7
13,08,18,02,45,070,0,2,1,4,5,6,7
04,01,1990,04,02,48,555,3,2,1,4,5,6,7
1945,11,03,10,48,01,175,1,2,3,4,5,6,7
08,14,2013,06,03,39,836,3,1,2,4,5,6,7
17,01,09,03,28,391,0,2,1,4,5,6,7
19,09,2072,12,00,20,894,3,2,1,4,5,6,7
